Image,Id
44b5d31d1.jpg,w_2365d55
ee108f1cd.jpg,w_2365d55
e632f7a4c.jpg,w_2365d55
b66db8210.jpg,w_2365d55
96b887ea1.jpg,w_2365d55
b3435e53d.jpg,w_2365d55
87270254d.jpg,w_2365d55
4011f1509.jpg,w_2365d55
7678a0178.jpg,w_2365d55
a2cebb3ce.jpg,w_2365d55
69174f6ce.jpg,w_2365d55
ab481a192.jpg,w_2365d55
46ac1ece9.jpg,w_2365d55
2d6b542e3.jpg,w_5c51475
3a37d898f.jpg,w_5c51475
c7fcdaf6d.jpg,w_5c51475
2d42b6979.jpg,w_5c51475
65f1a9284.jpg,w_93fddcb
99878b10d.jpg,w_93fddcb
96ff775a5.jpg,w_93fddcb
b3a130a9d.jpg,w_93fddcb
e242d4a77.jpg,w_2f67f0a
dd457d9f9.jpg,w_2f67f0a
11d39fc43.jpg,w_9032a74
253bd466f.jpg,w_9032a74
b31c8ef21.jpg,w_9032a74
48ed23fa3.jpg,w_9032a74
30c6c2701.jpg,w_9032a74
bc248d83e.jpg,w_9032a74
890790066.jpg,w_f3f23d6
a6d4ea8c7.jpg,w_f3f23d6
9a791a877.jpg,w_a1a4bb2
0a7ebe253.jpg,w_a1a4bb2
e5ca17b5b.jpg,w_a1a4bb2
83fad1bd7.jpg,w_0bdc5d5
9110d544a.jpg,w_0bdc5d5
c93eb1517.jpg,w_7f5f3b8
deb336065.jpg,w_7f5f3b8
7a0583d81.jpg,w_8e9f047
831e4a3a8.jpg,w_8e9f047
7dbbeda80.jpg,w_98a87a6
14244e538.jpg,w_98a87a6
1a10e1c2f.jpg,w_835a1eb
5a3019810.jpg,w_835a1eb
c3fb39d8a.jpg,w_cf1551f
23d604112.jpg,w_cf1551f
87511700d.jpg,w_7c82391
755aea3d5.jpg,w_7c82391
a8f019c80.jpg,w_7c82391
cc8f749fe.jpg,w_274f6db
9e9e79f74.jpg,w_274f6db
4912cd5bb.jpg,w_538259a
fa305d547.jpg,w_538259a
4bd48b6af.jpg,w_538259a
bfb50d33c.jpg,w_5d5c6a6
7e68a5b8d.jpg,w_5d5c6a6
1bfa20d9e.jpg,w_5d5c6a6
fba324ebc.jpg,w_5d5c6a6
0c51473f9.jpg,w_5d5c6a6
a7990e56e.jpg,w_5d5c6a6
8d2a99a11.jpg,w_5d5c6a6
b1e10e854.jpg,w_5d5c6a6
70f65ca0e.jpg,w_5d5c6a6
602ae4079.jpg,w_5d5c6a6
0e090476f.jpg,w_5d5c6a6
32619fd20.jpg,w_5d5c6a6
de7e9121e.jpg,w_5d5c6a6
75fca30f0.jpg,w_8f4b1c4
2320cf81c.jpg,w_8f4b1c4
396d5a374.jpg,w_eacf981
d233952b7.jpg,w_eacf981
7b67da7c7.jpg,w_2f8de4f
b8027df52.jpg,w_2f8de4f
92f905369.jpg,w_2f8de4f
eceeb8d7f.jpg,w_2f8de4f
d140375b0.jpg,w_a41147a
9621ab4b3.jpg,w_a41147a
ba60fa225.jpg,w_8dcdb19
42b46533b.jpg,w_8dcdb19
aabeb7de4.jpg,w_69bb761
d7ef1b15b.jpg,w_69bb761
deead2b9a.jpg,w_69bb761
208d6e192.jpg,w_1006b9c
cb0250615.jpg,w_1006b9c
c85c5b6e8.jpg,w_1006b9c
43c5a6999.jpg,w_b55fb6e
907efef33.jpg,w_b55fb6e
6d510af2d.jpg,w_12ce4f8
ef4e552c0.jpg,w_12ce4f8
e1abf424a.jpg,w_12ce4f8
a06b4f2da.jpg,w_12ce4f8
8b51e7a1d.jpg,w_d573a68
6657fc566.jpg,w_d573a68
b06bebe67.jpg,w_d573a68
bdf50c92e.jpg,w_445a265
c0e313f72.jpg,w_445a265
85bc92dbe.jpg,w_194bea2
cc42d76b1.jpg,w_194bea2
5ef945925.jpg,w_2af46a8
329ef0717.jpg,w_2af46a8
f7a004c2e.jpg,w_2af46a8
8b10ec025.jpg,w_2af46a8
18234111f.jpg,w_2af46a8
5b472fe01.jpg,w_588f349
138cef628.jpg,w_588f349
799e85af6.jpg,w_588f349
1f0006fa0.jpg,w_588f349
bdbc925bb.jpg,w_9d86594
eb17b7072.jpg,w_9d86594
4ac941d88.jpg,w_9d86594
29bdf298a.jpg,w_9d86594
71f464c55.jpg,w_9d86594
2bd30038a.jpg,w_9d86594
2db7bf884.jpg,w_9d86594
d94423ec0.jpg,w_9d86594
80e706d56.jpg,w_9d86594
2050717f2.jpg,w_9d86594
a418e5709.jpg,w_9d86594
cd6a7b383.jpg,w_9d86594
08feff2af.jpg,w_ea6a9f4
d72cebca6.jpg,w_ea6a9f4
d991371b6.jpg,w_ea6a9f4
a89ba106e.jpg,w_06d2e72
c538e54ce.jpg,w_06d2e72
b678979f0.jpg,w_06d2e72
eabd6eac2.jpg,w_06d2e72
c0a8133d9.jpg,w_06d2e72
91d192478.jpg,w_600bf1b
aab41177a.jpg,w_600bf1b
a08b754d9.jpg,w_5ff2049
9b6cab407.jpg,w_5ff2049
5ef101abd.jpg,w_5ff2049
917d0baad.jpg,w_5ff2049
81e06e68c.jpg,w_5ff2049
908e02506.jpg,w_d8b5bb4
c86be83c0.jpg,w_d8b5bb4
355e9e8c2.jpg,w_9fe60cd
7c94005c1.jpg,w_9fe60cd
460238a4d.jpg,w_9fe60cd
870523991.jpg,w_1472271
ef49b6c8d.jpg,w_1472271
169b2ad65.jpg,w_c797292
44ce6b0e2.jpg,w_c797292
768e2691d.jpg,w_04f5f55
60138a0a6.jpg,w_04f5f55
efe5e56b3.jpg,w_dd79a10
c584d277d.jpg,w_dd79a10
9f0314214.jpg,w_f176dcf
cad971491.jpg,w_f176dcf
d7a1b6daf.jpg,w_e6dfc39
eae9149f7.jpg,w_e6dfc39
d8fc9220d.jpg,w_78ca251
84c152243.jpg,w_78ca251
a6549f63d.jpg,w_78ca251
bdb81f432.jpg,w_81d4bd6
c249c44d5.jpg,w_81d4bd6
1572d096b.jpg,w_81d4bd6
66da6c349.jpg,w_81d4bd6
8b9bde926.jpg,w_81d4bd6
85cf269ad.jpg,w_c8901c6
8c98bc0cb.jpg,w_c8901c6
6f88535b6.jpg,w_5650932
3b616bd0b.jpg,w_5650932
ee88bb6d0.jpg,w_5650932
5bc03c8ce.jpg,w_cda3971
bad682500.jpg,w_cda3971
dda3554e0.jpg,w_cda3971
02e5c6e80.jpg,w_cda3971
ac33f64e2.jpg,w_cda3971
c49341bc0.jpg,w_cda3971
7d9241b94.jpg,w_cda3971
d67726baf.jpg,w_ae24bd1
080a3480c.jpg,w_ae24bd1
aa69cda83.jpg,w_1083a05
dd6d5e939.jpg,w_1083a05
f1cd2deb1.jpg,w_a6a1bea
28887613a.jpg,w_a6a1bea
aaff80686.jpg,w_a6a1bea
c558cb393.jpg,w_27be996
343d3b464.jpg,w_27be996
d6101345c.jpg,w_648b85e
369bb52ed.jpg,w_648b85e
b87a0617c.jpg,w_23852a0
49e1d1aac.jpg,w_23852a0
c4ba2edc0.jpg,w_23852a0
701e28aa5.jpg,w_23852a0
e547e32f4.jpg,w_23852a0
558329821.jpg,w_23852a0
7ca052f89.jpg,w_45a6d4e
e24a95b18.jpg,w_45a6d4e
d460c27bf.jpg,w_45a6d4e
6d25fc01b.jpg,w_cf8cd88
a43099f3b.jpg,w_cf8cd88
67fe66ef7.jpg,w_439b6cf
ef816364a.jpg,w_439b6cf
b00f40efb.jpg,w_5e47cfb
2e3b8ea99.jpg,w_5e47cfb
446077c6e.jpg,w_5e47cfb
d7849344e.jpg,w_e3956f5
081f71a62.jpg,w_e3956f5
63afcbcc0.jpg,w_e3956f5
977299c3f.jpg,w_e3956f5
cd74ca177.jpg,w_e3956f5
975fac31e.jpg,w_e3956f5
985438fdf.jpg,w_99b7ba2
a6b175132.jpg,w_99b7ba2
cd1af7740.jpg,w_99b7ba2
b326b3b13.jpg,w_4112f9a
283d74a8b.jpg,w_4112f9a
80859189a.jpg,w_4112f9a
5258545ec.jpg,w_4112f9a
7c5b419b6.jpg,w_4d7df64
926908c4d.jpg,w_4d7df64
c91be1ed5.jpg,w_1cfebce
3cd47c00f.jpg,w_1cfebce
97a842220.jpg,w_e64c432
7515f2934.jpg,w_e64c432
deb10a74b.jpg,w_4dac709
3f57bd36d.jpg,w_4dac709
03d0be3ab.jpg,w_4dac709
17d42c6a1.jpg,w_c178f34
9cfeb9e0a.jpg,w_c178f34
4c776921f.jpg,w_c178f34
2617ff5c7.jpg,w_cc1784d
a7d641c1f.jpg,w_cc1784d
a37ab2a3f.jpg,w_cc1784d
aa5317e06.jpg,w_cc1784d
4cf4184db.jpg,w_cc1784d
d91703df4.jpg,w_cc1784d
daef63efc.jpg,w_cc1784d
6757a3c43.jpg,w_cc1784d
7ee0c373a.jpg,w_cc1784d
ac6290ae4.jpg,w_cc1784d
49c65d018.jpg,w_cc1784d
0987c80db.jpg,w_6ed6320
190b7f0cf.jpg,w_6ed6320
95ab1e43b.jpg,w_0182687
7abceec23.jpg,w_0182687
87b3922ec.jpg,w_8bcc197
dc4dd79e2.jpg,w_8bcc197
560a4ba05.jpg,w_54fd73d
4c80f3991.jpg,w_54fd73d
0d51b612f.jpg,w_b397217
9b984102a.jpg,w_b397217
b97833774.jpg,w_b397217
ea6f79715.jpg,w_b397217
79fac8c6d.jpg,w_009c9c5
2c0892b4d.jpg,w_009c9c5
f788c17b8.jpg,w_89f6097
2770b5798.jpg,w_89f6097
596ed9430.jpg,w_89f6097
f4e634968.jpg,w_89f6097
c6f610547.jpg,w_89f6097
ca9c78e73.jpg,w_89f6097
281dfecc2.jpg,w_89f6097
2c7e06a4d.jpg,w_ec0e6ed
a10ceb549.jpg,w_ec0e6ed
691834a30.jpg,w_5841fb9
7ab684729.jpg,w_5841fb9
06ec79a1c.jpg,w_5841fb9
f02b7832a.jpg,w_5841fb9
8657d37b9.jpg,w_2fc775e
07605520f.jpg,w_2fc775e
fda6ab1d3.jpg,w_02ff6d6
f694ac18b.jpg,w_02ff6d6
651054e6f.jpg,w_6cb1ff1
fc79590ec.jpg,w_6cb1ff1
6487bf8fe.jpg,w_3278209
5d38bb942.jpg,w_3278209
9cfd7145f.jpg,w_71d5ba2
cdf47ca54.jpg,w_71d5ba2
63c629538.jpg,w_71d5ba2
5f0b6cfa3.jpg,w_71d5ba2
b5d6f1465.jpg,w_71d5ba2
59e185d0c.jpg,w_71d5ba2
c5f929e3b.jpg,w_71d5ba2
0c08a4d6d.jpg,w_71d5ba2
1fc19cf44.jpg,w_71d5ba2
bf8031ddf.jpg,w_24c76d8
735f44ef4.jpg,w_24c76d8
13ab980b8.jpg,w_1932830
ef7938b18.jpg,w_1932830
1e0c6e796.jpg,w_cefd512
637b12ea2.jpg,w_cefd512
04d459352.jpg,w_cefd512
c826bca40.jpg,w_cefd512
0bf9730f8.jpg,w_cefd512
37b04f82e.jpg,w_208db25
8dfa81990.jpg,w_208db25
b3f8c51a3.jpg,w_54e7b40
8ea3a79c8.jpg,w_54e7b40
7ae6322bd.jpg,w_e2a09d4
0ac53385b.jpg,w_e2a09d4
6341192fa.jpg,w_e2a09d4
a3fab7973.jpg,w_e2a09d4
926ac006a.jpg,w_e2a09d4
18063def0.jpg,w_b4fe6b0
977277c65.jpg,w_b4fe6b0
428146202.jpg,w_b4fe6b0
a6473910b.jpg,w_a8b65e2
77b2e1bdf.jpg,w_a8b65e2
5233e6139.jpg,w_02469a1
7c6ebcac5.jpg,w_02469a1
df88ddc79.jpg,w_b210a87
53bb428e9.jpg,w_b210a87
603cdf00e.jpg,w_0cbf1b3
c21874c84.jpg,w_0cbf1b3
52e0fe943.jpg,w_0cbf1b3
afc368a6c.jpg,w_68aa903
f4e9f8d1c.jpg,w_68aa903
6d1c5eeac.jpg,w_3904956
4420c0e3c.jpg,w_3904956
7ed51f043.jpg,w_7b41bf7
aa2d105dd.jpg,w_7b41bf7
5ee32541e.jpg,w_7b41bf7
702ff802b.jpg,w_e42007e
84cc63756.jpg,w_e42007e
1607426d2.jpg,w_a8c2847
b5029f76b.jpg,w_a8c2847
36cec246a.jpg,w_a8c2847
97bf41cda.jpg,w_818f08c
4b1de2a82.jpg,w_818f08c
d90659998.jpg,w_0ea7436
3dbfe7a85.jpg,w_0ea7436
e5577244d.jpg,w_97d60b9
e1ba16f73.jpg,w_97d60b9
38414b63a.jpg,w_97d60b9
17831d0f0.jpg,w_f0663e5
b82849a9a.jpg,w_f0663e5
f4717d591.jpg,w_c1715f5
5a240850d.jpg,w_c1715f5
e8e7bd363.jpg,w_c1715f5
cb3dd838f.jpg,w_c1715f5
6fff7a7d0.jpg,w_d588ecb
885f134b9.jpg,w_d588ecb
cadfd920b.jpg,w_0b356c2
cc262c705.jpg,w_0b356c2
a0f5730b6.jpg,w_6612e89
efef9770f.jpg,w_6612e89
89506c7db.jpg,w_c0e27e9
e9c5099fb.jpg,w_c0e27e9
6c5c43251.jpg,w_c0e27e9
c56da8a6d.jpg,w_57e4b21
2c0c4e028.jpg,w_57e4b21
61ec53723.jpg,w_57e4b21
71148b1fc.jpg,w_2623921
203abcace.jpg,w_2623921
692c65701.jpg,w_78ab4d4
e6710386e.jpg,w_78ab4d4
f3b937d29.jpg,w_3334d3f
a561e3bbd.jpg,w_3334d3f
3dec9c764.jpg,w_84a32d1
1fc555ec9.jpg,w_84a32d1
191fcb67f.jpg,w_169a302
c8c9e3fbd.jpg,w_169a302
510c93292.jpg,w_3fadd3e
6b579a3ef.jpg,w_3fadd3e
dd95de76a.jpg,w_addd610
88b11f28d.jpg,w_addd610
cdd557f77.jpg,w_483947b
f275dd532.jpg,w_483947b
803ba17eb.jpg,w_483947b
c6e7dc3f2.jpg,w_483947b
3e555ee7d.jpg,w_483947b
9e57da0da.jpg,w_483947b
af452a0c7.jpg,w_abc82c3
24687d4e7.jpg,w_abc82c3
53bef22bb.jpg,w_92f4498
4c4d468b1.jpg,w_92f4498
72e4e0657.jpg,w_92f4498
eed85338a.jpg,w_92f4498
4001c34cb.jpg,w_92f4498
6640bb4d4.jpg,w_0eab54f
bca1b309c.jpg,w_0eab54f
57d7e157e.jpg,w_63ff0ac
ed1eddb95.jpg,w_63ff0ac
1a04fff14.jpg,w_5fe949c
05d6517f2.jpg,w_5fe949c
045cd8ae8.jpg,w_cb9f118
a17122c64.jpg,w_cb9f118
e78f2eac0.jpg,w_1fb652d
fe74b574f.jpg,w_1fb652d
d54a9dea6.jpg,w_8beb9f1
6661b8ebe.jpg,w_8beb9f1
1c771a60e.jpg,w_8beb9f1
cc318387b.jpg,w_358c519
b5df86841.jpg,w_358c519
65558bf45.jpg,w_80124ae
23ebd86c0.jpg,w_80124ae
c5aa6fc71.jpg,w_80124ae
b51bbe347.jpg,w_d405854
4f3966d79.jpg,w_d405854
8b4685c68.jpg,w_d405854
f972218c0.jpg,w_d405854
c001e5701.jpg,w_d405854
ff84b05fd.jpg,w_d405854
fa0a4a0df.jpg,w_d405854
5ce76306e.jpg,w_d405854
c776f45d4.jpg,w_d405854
02c0b227e.jpg,w_d405854
437aee14b.jpg,w_d405854
40dc47ffd.jpg,w_d405854
6d6731bbb.jpg,w_d405854
4b71fcc56.jpg,w_d405854
daff79e9f.jpg,w_d405854
93b9258bb.jpg,w_d405854
d74c6a87d.jpg,w_d405854
b164640dd.jpg,w_d405854
e27fa52d9.jpg,w_d405854
36c5a4bd2.jpg,w_d405854
63b5408c3.jpg,w_d405854
ae0ad16af.jpg,w_d405854
3a17193ce.jpg,w_d405854
4b1c34028.jpg,w_d405854
f91ee6c5c.jpg,w_d405854
b8322e903.jpg,w_d405854
694146fe2.jpg,w_d405854
16e62d1a1.jpg,w_d405854
1d0eccc44.jpg,w_d405854
3a2ed0679.jpg,w_d405854
fde621dec.jpg,w_d405854
d8c7e3aab.jpg,w_d405854
614c4e4d5.jpg,w_d405854
2f0b9f7ef.jpg,w_d405854
cff0ae681.jpg,w_d405854
1938eedc2.jpg,w_d405854
e97bd5dac.jpg,w_d405854
394230154.jpg,w_d405854
589d15a99.jpg,w_d405854
b0d58b9dc.jpg,w_d405854
a7fb48db7.jpg,w_8cee3d3
5edbbabc5.jpg,w_8cee3d3
29e9b7ed6.jpg,w_6b57529
451eb931a.jpg,w_6b57529
b370e1339.jpg,w_d9f8641
1e5296b34.jpg,w_d9f8641
f5c461659.jpg,w_d9f8641
1f9f45ead.jpg,w_d9f8641
fcaf9e9df.jpg,w_28cb717
63054e51e.jpg,w_28cb717
beceb2294.jpg,w_48fa708
c9aeae4e4.jpg,w_48fa708
010262224.jpg,w_48fa708
c394c7b69.jpg,w_3fe2251
26be752b4.jpg,w_3fe2251
75cab7456.jpg,w_77150d0
016dfbd1e.jpg,w_77150d0
cd10f85c9.jpg,w_afb4a42
1a8fc4109.jpg,w_afb4a42
8d1ae41df.jpg,w_afb4a42
b88c082cc.jpg,w_22cdc5f
52ac25c54.jpg,w_22cdc5f
f25e5bfbe.jpg,w_72aa314
a0dbf14b9.jpg,w_72aa314
921bc8b62.jpg,w_72aa314
fe8abf4b1.jpg,w_72aa314
5317edfd4.jpg,w_d236b51
88cbdc3aa.jpg,w_d236b51
cc1bd435b.jpg,w_d236b51
2597ae7f2.jpg,w_d236b51
a1b24ad67.jpg,w_78351ee
fd80ecb2f.jpg,w_78351ee
f4ffbace5.jpg,w_f9d1114
2916fecb8.jpg,w_f9d1114
4be61d178.jpg,w_1344da3
46afa36d8.jpg,w_1344da3
6b6a581bf.jpg,w_a0534e5
c3296b0f0.jpg,w_a0534e5
4bb4ea134.jpg,w_d74498b
472b5f745.jpg,w_d74498b
6884cc4a5.jpg,w_0a619af
2de488489.jpg,w_0a619af
1d5333b9a.jpg,w_0a619af
adf413d92.jpg,w_0a619af
3fc307587.jpg,w_0a619af
9f777cd9d.jpg,w_0a619af
880e2f336.jpg,w_877de07
91a0ad558.jpg,w_877de07
cf2a5f9ad.jpg,w_877de07
dbeb7e38a.jpg,w_8157927
3e2aa6c52.jpg,w_8157927
057bfa93a.jpg,w_c27588a
fcd83cb53.jpg,w_c27588a
2c13d9bce.jpg,w_334c489
d46e56de8.jpg,w_334c489
c036bed18.jpg,w_bb4f52e
8df46b25f.jpg,w_bb4f52e
cf1a21909.jpg,w_1a70f3a
474473e3d.jpg,w_1a70f3a
88ff24d1e.jpg,w_1a70f3a
d32bfaaa6.jpg,w_1a70f3a
a4f0744a8.jpg,w_5946cd1
66f9ce34b.jpg,w_5946cd1
819d41632.jpg,w_a08f3cd
8b2a9ef68.jpg,w_a08f3cd
45da63106.jpg,w_d307d9d
683e9b4fd.jpg,w_d307d9d
ee1c1a4bb.jpg,w_cf8ce56
b7e9a09c5.jpg,w_cf8ce56
d8c45e798.jpg,w_cf8ce56
30823c79e.jpg,w_6d8f72e
2bdffbbf0.jpg,w_6d8f72e
9746f8a73.jpg,w_6d8f72e
eaf616866.jpg,w_6d8f72e
751070bd4.jpg,w_6d8f72e
34fdec579.jpg,w_6d98683
c7dbe379f.jpg,w_6d98683
aca3c0961.jpg,w_0d5a672
09646b979.jpg,w_0d5a672
19d511064.jpg,w_494c72d
6d3810e79.jpg,w_494c72d
14bf04de1.jpg,w_02545ea
86388dfbc.jpg,w_02545ea
66ee1433e.jpg,w_335bdd1
17d64b9f1.jpg,w_335bdd1
972893a51.jpg,w_23a388d
382323730.jpg,w_23a388d
8e6d570e4.jpg,w_23a388d
919d58179.jpg,w_23a388d
47071b59c.jpg,w_23a388d
bf84bad36.jpg,w_23a388d
a97caed52.jpg,w_23a388d
9e924e18d.jpg,w_23a388d
51ae55704.jpg,w_23a388d
b00a03bbd.jpg,w_23a388d
eaa3332d8.jpg,w_23a388d
8c18f5ef4.jpg,w_23a388d
043b78dc6.jpg,w_23a388d
3b3483ba9.jpg,w_23a388d
e880a0ac6.jpg,w_23a388d
dae6e3bd7.jpg,w_23a388d
8df98d110.jpg,w_23a388d
1cb8f292a.jpg,w_23a388d
c818ad3e1.jpg,w_23a388d
bf312b0c2.jpg,w_23a388d
89b00d9a7.jpg,w_23a388d
debd3e310.jpg,w_23a388d
792a67050.jpg,w_23a388d
6c6d5d7a4.jpg,w_23a388d
69823499d.jpg,w_23a388d
5f420b231.jpg,w_23a388d
0ec70b0df.jpg,w_23a388d
5af6fa8c1.jpg,w_23a388d
8e7ab5a22.jpg,w_23a388d
dc5fccb0b.jpg,w_23a388d
87ec4811e.jpg,w_23a388d
cec27e4e3.jpg,w_23a388d
7fcb6ab12.jpg,w_23a388d
c45e0efa6.jpg,w_23a388d
7e82f92ee.jpg,w_23a388d
02f250971.jpg,w_23a388d
7cd8b360c.jpg,w_23a388d
358b56609.jpg,w_23a388d
3d5c45078.jpg,w_23a388d
a1270b8cc.jpg,w_23a388d
9e658afa0.jpg,w_23a388d
dd36cbfd2.jpg,w_23a388d
b1e325bec.jpg,w_23a388d
2ce901a66.jpg,w_a7067d1
1e210d936.jpg,w_a7067d1
45cc6daed.jpg,w_e0ed636
d98718385.jpg,w_e0ed636
0ada1400a.jpg,w_d829778
9a8cd09a0.jpg,w_d829778
6351816eb.jpg,w_dc76f1c
536905f44.jpg,w_dc76f1c
3bc6ff029.jpg,w_dc76f1c
0a70943a8.jpg,w_edce644
76be4986b.jpg,w_edce644
cb8a87bc8.jpg,w_edce644
4eed9da1b.jpg,w_edce644
467133f2e.jpg,w_edce644
f71ce762c.jpg,w_edce644
757caf69c.jpg,w_a10515b
e2d435827.jpg,w_a10515b
01070510c.jpg,w_b7e3a9f
55641294e.jpg,w_b7e3a9f
774b9f306.jpg,w_1574bd1
cc7cf1458.jpg,w_1574bd1
bf56beae3.jpg,w_ec32fa6
3c8256238.jpg,w_ec32fa6
72da92cd8.jpg,w_7547b9a
8d37809f4.jpg,w_7547b9a
1be328400.jpg,w_d6f0be4
a854710e7.jpg,w_d6f0be4
4aeae18b9.jpg,w_d6f0be4
0258983a9.jpg,w_d6f0be4
861be31de.jpg,w_d6f0be4
84164a54f.jpg,w_d6f0be4
e1400c301.jpg,w_d6f0be4
1f9c1f44b.jpg,w_c148ab4
1658d57e0.jpg,w_c148ab4
92398223e.jpg,w_ab2ac77
f37f02e62.jpg,w_ab2ac77
4cd0d7178.jpg,w_ab2ac77
1f2744d4f.jpg,w_ab2ac77
97bb27130.jpg,w_567502c
c688299d7.jpg,w_567502c
dd7a109e8.jpg,w_f497e3f
bfb4fb107.jpg,w_f497e3f
3ca357852.jpg,w_da651f6
44718a574.jpg,w_da651f6
b6b54345d.jpg,w_e096f02
7c402afaf.jpg,w_e096f02
fd08e7015.jpg,w_e096f02
217931746.jpg,w_25f1a4e
21bc40388.jpg,w_25f1a4e
384e301c8.jpg,w_25f1a4e
e2cd8774b.jpg,w_25f1a4e
efc2b4f77.jpg,w_25f1a4e
c562a7f92.jpg,w_25f1a4e
8574d7725.jpg,w_25f1a4e
723f2a91d.jpg,w_15e3099
9a1d81978.jpg,w_15e3099
ff9468d91.jpg,w_472b51c
8e8faeffd.jpg,w_472b51c
149c6c7a5.jpg,w_e4b4611
628fa68a1.jpg,w_e4b4611
dd028def6.jpg,w_36b8101
8ce7f6c0c.jpg,w_36b8101
80ee70246.jpg,w_36b8101
b7887737b.jpg,w_36b8101
bf9600db5.jpg,w_f94039d
d717901a4.jpg,w_f94039d
cf43c77e8.jpg,w_f94039d
a32251626.jpg,w_f94039d
5b65f5ba1.jpg,w_e6d5621
6ac05e07f.jpg,w_e6d5621
541083efd.jpg,w_e6d5621
61886ef6a.jpg,w_e6d5621
caa04a423.jpg,w_abfdd10
dadd173b9.jpg,w_abfdd10
dc75ec326.jpg,w_abfdd10
344e3882b.jpg,w_bc7de9f
3218f3566.jpg,w_bc7de9f
a0720a30a.jpg,w_0fefc62
7310db19b.jpg,w_0fefc62
644564494.jpg,w_0fefc62
d36d1c9ba.jpg,w_d1207d9
14adbcb04.jpg,w_d1207d9
b5dcac6ca.jpg,w_b7babc0
f8984a4ae.jpg,w_b7babc0
3af40166d.jpg,w_e1ffbe2
788c4803e.jpg,w_e1ffbe2
5d079345f.jpg,w_e1ffbe2
e91af7268.jpg,w_e1ffbe2
78d2e44ee.jpg,w_e1ffbe2
2a4e00ced.jpg,w_e1ffbe2
b75a2d2ef.jpg,w_e1ffbe2
c4e02641e.jpg,w_d907b6c
f7d48f68d.jpg,w_d907b6c
b9b42057b.jpg,w_d3e323d
a248100c6.jpg,w_d3e323d
1bce2c04b.jpg,w_de3713f
29679f374.jpg,w_de3713f
1e4dfe5d2.jpg,w_2f1488c
e24dc24b8.jpg,w_2f1488c
f17247f8b.jpg,w_2f1488c
68fca230e.jpg,w_2f1488c
9ed955c2d.jpg,w_2f1488c
0f42b325d.jpg,w_2f1488c
8d8ad3790.jpg,w_2f1488c
730d03eb1.jpg,w_2f1488c
dd7220901.jpg,w_2f1488c
fcb8a7222.jpg,w_2f1488c
0e02383ae.jpg,w_352445a
824cfcebd.jpg,w_352445a
d76760615.jpg,w_0833a92
73b6d06ab.jpg,w_0833a92
91579f993.jpg,w_39141fc
5dcbb3e48.jpg,w_39141fc
b962772fd.jpg,w_39141fc
83b681701.jpg,w_25d662d
c797aaf28.jpg,w_25d662d
2b7fd4faf.jpg,w_d4d46bf
61d0b9de7.jpg,w_d4d46bf
ba420b500.jpg,w_5045d2c
6838f02f9.jpg,w_5045d2c
f939874e4.jpg,w_c88caf7
e71bf37c5.jpg,w_c88caf7
119704e70.jpg,w_d395243
8914ab06f.jpg,w_d395243
8efd3c64f.jpg,w_6cb7724
14c64718f.jpg,w_6cb7724
7405411c2.jpg,w_bf7c89a
970cd5ba2.jpg,w_bf7c89a
f0f7c155e.jpg,w_bf7c89a
2433348f1.jpg,w_a70b90b
58220ca1b.jpg,w_a70b90b
295324981.jpg,w_801e723
3f5226f16.jpg,w_801e723
e2f9b3fd1.jpg,w_2148753
889e67fed.jpg,w_2148753
4ed753dd7.jpg,w_f391bb0
eb29cecad.jpg,w_f391bb0
f588ecca4.jpg,w_dbf651b
5c5faeb7e.jpg,w_dbf651b
dd6180707.jpg,w_dbf651b
64069030e.jpg,w_99af1a9
6dde0dbc8.jpg,w_99af1a9
0415a291e.jpg,w_99af1a9
2270ad8e6.jpg,w_5d81be1
5f8a4623f.jpg,w_5d81be1
22dc5ca81.jpg,w_5d81be1
799df8c4f.jpg,w_8799716
418ee76f2.jpg,w_8799716
1a4fb66ea.jpg,w_8799716
fd7f5d92f.jpg,w_8799716
0fefaab14.jpg,w_8799716
eb4f0fb5a.jpg,w_8799716
1e7d9a510.jpg,w_8799716
0d26567b4.jpg,w_fbcfe1a
2b45d50ea.jpg,w_fbcfe1a
abe69da75.jpg,w_e740b27
a20f7529a.jpg,w_e740b27
d336a4543.jpg,w_6fce84d
346b64046.jpg,w_6fce84d
e94e6e20f.jpg,w_27a6304
10a2e6007.jpg,w_27a6304
3386bc88f.jpg,w_f787e93
da4dc6b89.jpg,w_f787e93
f131eb1ce.jpg,w_72fea5e
e2d18e457.jpg,w_72fea5e
78c142d03.jpg,w_659bdb8
287084eac.jpg,w_659bdb8
21b32d50a.jpg,w_659bdb8
91e1a40f2.jpg,w_659bdb8
0cf75ae73.jpg,w_659bdb8
6bbfd51fe.jpg,w_659bdb8
74e8b3f7b.jpg,w_659bdb8
e09de70cc.jpg,w_659bdb8
a4f6f2ceb.jpg,w_659bdb8
3b5be27a6.jpg,w_659bdb8
48fb66a47.jpg,w_659bdb8
a023df25c.jpg,w_659bdb8
fabc19a85.jpg,w_659bdb8
9c4b9547f.jpg,w_659bdb8
3f62ac608.jpg,w_659bdb8
5eb452395.jpg,w_659bdb8
493ec0cf0.jpg,w_659bdb8
fca0e850a.jpg,w_659bdb8
5ad9b205f.jpg,w_4274db3
f41fbb640.jpg,w_4274db3
80ff9dd38.jpg,w_22d96e7
bf032dd79.jpg,w_22d96e7
b3837614d.jpg,w_22d96e7
39b61ca64.jpg,w_8d9af77
4d6002e1f.jpg,w_8d9af77
5e2572252.jpg,w_1afed1e
e06f8641a.jpg,w_1afed1e
ab63d9842.jpg,w_62e5aa0
fde93a87d.jpg,w_62e5aa0
6d84ecfc0.jpg,w_3e4b155
2d03705d1.jpg,w_3e4b155
df0b86ee7.jpg,w_8c25681
44c164dc0.jpg,w_8c25681
2ed34d766.jpg,w_8c25681
d2c008879.jpg,w_8c25681
812771f89.jpg,w_8c25681
2fc14ca32.jpg,w_8c25681
4e571a63f.jpg,w_8c25681
3f5eeb981.jpg,w_8c25681
b767c3d15.jpg,w_8c25681
670d308f6.jpg,w_8c25681
ab45de9af.jpg,w_8c25681
6dbddd7c8.jpg,w_0da34d3
3e8f4e0c6.jpg,w_0da34d3
baf3ccc52.jpg,w_bfae26b
ff690b354.jpg,w_bfae26b
e3ef0fd1c.jpg,w_a71d6bf
7ace1d650.jpg,w_a71d6bf
559ac167d.jpg,w_a71d6bf
af26fc55a.jpg,w_09c8a69
d8c46dfbb.jpg,w_09c8a69
6f6f38973.jpg,w_7087c88
0c6ad5be9.jpg,w_7087c88
95a1f32fd.jpg,w_c190c60
b67ff037d.jpg,w_c190c60
57583a290.jpg,w_8d4c9f7
1fe3dc6f4.jpg,w_8d4c9f7
ff0ee474f.jpg,w_8d4c9f7
ec77917ed.jpg,w_8d4c9f7
7c8ebdd15.jpg,w_0d052c1
30313cca2.jpg,w_0d052c1
e3580150c.jpg,w_0d052c1
93be8af0c.jpg,w_2b49489
5b9390ac9.jpg,w_2b49489
998b2baa2.jpg,w_8affab2
fee1a01f5.jpg,w_8affab2
85581f764.jpg,w_b845c2b
3fd4150bd.jpg,w_b845c2b
c074de5f5.jpg,w_1ea8997
49a1d9dec.jpg,w_1ea8997
b8a167800.jpg,w_47098f8
448614137.jpg,w_47098f8
1699d1f56.jpg,w_f59bb62
3da0f8292.jpg,w_f59bb62
141b56a1a.jpg,w_4130233
88c6b8005.jpg,w_4130233
0c81f2ff9.jpg,w_4130233
c5ea71a42.jpg,w_4130233
4de4f8a91.jpg,w_4130233
75c65d72e.jpg,w_4130233
09eff7b37.jpg,w_c563492
7cbec8d4f.jpg,w_c563492
08dcd4e24.jpg,w_c563492
36a526aab.jpg,w_c563492
cadb0f3a1.jpg,w_9143ee7
8fb0f44ff.jpg,w_9143ee7
f795fbf32.jpg,w_5b870e8
9fed5ec16.jpg,w_5b870e8
e0fce9c8b.jpg,w_a4fb1d8
a371acd02.jpg,w_a4fb1d8
a7749ede1.jpg,w_a4fb1d8
dddb835e1.jpg,w_7769d46
f7ed8c7a9.jpg,w_7769d46
8c7c864b3.jpg,w_29c88c2
2bdfe0352.jpg,w_29c88c2
c2eb6772f.jpg,w_ca7089b
1edb31a35.jpg,w_ca7089b
cfc2a4372.jpg,w_c371f0d
d3eca4b9c.jpg,w_c371f0d
d0352ceda.jpg,w_09bd7e8
efbc30ed8.jpg,w_09bd7e8
1e49df4d4.jpg,w_09bd7e8
5ab821ac1.jpg,w_0ee7878
f391d5d90.jpg,w_0ee7878
608cc339e.jpg,w_0ee7878
7d7d8aba1.jpg,w_0ee7878
5adafc2cf.jpg,w_0ee7878
a1513484a.jpg,w_0ee7878
72ead0a4d.jpg,w_0ee7878
e3669f582.jpg,w_0ee7878
dfe347181.jpg,w_0ee7878
4c707b23c.jpg,w_0ee7878
807c5b847.jpg,w_0ee7878
7b3175f06.jpg,w_0ee7878
d8a342d98.jpg,w_bd9f354
17e840adb.jpg,w_bd9f354
5ec57fc1a.jpg,w_60a54be
de175d0cd.jpg,w_60a54be
a70e42cd5.jpg,w_60a54be
75c8fd611.jpg,w_bd572cf
4d9fc178b.jpg,w_bd572cf
7f84522bf.jpg,w_14ece76
05f2f037c.jpg,w_14ece76
95cb98352.jpg,w_14ece76
1d0a20156.jpg,w_14ece76
f1c642ac0.jpg,w_14ece76
ef816710b.jpg,w_3dd4346
8b842c4aa.jpg,w_3dd4346
318cc53a8.jpg,w_d6907f5
03f1f348e.jpg,w_d6907f5
a93172306.jpg,w_d6907f5
14cc0d262.jpg,w_b35b19d
34563a48d.jpg,w_b35b19d
7d91bce1c.jpg,w_2137c6f
e7f5e0313.jpg,w_2137c6f
f3f3f8b92.jpg,w_2137c6f
d0f5699fb.jpg,w_2137c6f
f4b478605.jpg,w_a94396f
d3ddd542c.jpg,w_a94396f
f38e55393.jpg,w_44fc980
77a9bd9be.jpg,w_44fc980
dbf720b74.jpg,w_04ebfe8
07da3da9f.jpg,w_04ebfe8
785057b7d.jpg,w_f6524e1
47a1e0a6e.jpg,w_f6524e1
1f28270e6.jpg,w_7ff9682
d8d482beb.jpg,w_7ff9682
b927f9413.jpg,w_7ff9682
da3c73d82.jpg,w_2aaa3b5
2405d53b9.jpg,w_2aaa3b5
b2914b783.jpg,w_2f0f74c
48db10c8b.jpg,w_2f0f74c
165d1befd.jpg,w_551165a
345f0a089.jpg,w_551165a
c58051697.jpg,w_551165a
adfe82136.jpg,w_551165a
3c8685029.jpg,w_551165a
9a6a08ec6.jpg,w_0bc078c
a7130cbb0.jpg,w_0bc078c
eec64c659.jpg,w_0bc078c
b27b57a0a.jpg,w_0bc078c
096322b7b.jpg,w_662c89b
7a50cf368.jpg,w_662c89b
bbd307d22.jpg,w_4678fbb
18a26f162.jpg,w_4678fbb
110a24b29.jpg,w_4678fbb
58a4caf69.jpg,w_80acb6f
d9fc86915.jpg,w_80acb6f
1cc05f07d.jpg,w_89f521e
05d71e676.jpg,w_89f521e
406f3b7cc.jpg,w_89f521e
2a61ed8cb.jpg,w_89f521e
633d7b877.jpg,w_e145c7a
fa0eefa4e.jpg,w_e145c7a
254c3a5b8.jpg,w_e145c7a
6b6959e1a.jpg,w_e145c7a
25745f409.jpg,w_edf43c1
145d97da0.jpg,w_edf43c1
e0097d62d.jpg,w_edf43c1
035cc12f2.jpg,w_edf43c1
aa3170213.jpg,w_edf43c1
dce31d21c.jpg,w_edf43c1
703d37c5a.jpg,w_f6c5343
61b650708.jpg,w_f6c5343
0dfb0241e.jpg,w_f6c5343
32d1d0d10.jpg,w_f6c5343
23d2dff49.jpg,w_f6c5343
65e152308.jpg,w_f6c5343
1ce0b1d68.jpg,w_f6c5343
2faa5d89d.jpg,w_f6c5343
19d7f16f0.jpg,w_f6c5343
12f1d106c.jpg,w_f6c5343
c1a21b6d2.jpg,w_f6c5343
9147c46b0.jpg,w_f6c5343
0f5ad1a70.jpg,w_f6c5343
e2ac4810b.jpg,w_671b041
c877537e3.jpg,w_671b041
ab31caf38.jpg,w_671b041
d3006c6c8.jpg,w_58bae95
9b5818e45.jpg,w_58bae95
2af40c075.jpg,w_ec7e60a
18d7cfb35.jpg,w_ec7e60a
60939b7c3.jpg,w_74ec366
382564f30.jpg,w_74ec366
60b386509.jpg,w_46c4c49
a7067aa1a.jpg,w_46c4c49
9223df3d5.jpg,w_46c4c49
74d7e9950.jpg,w_46c4c49
4eef5714b.jpg,w_cfae8d8
166d3546a.jpg,w_cfae8d8
86a7dd4a4.jpg,w_519a081
12871c982.jpg,w_519a081
163ef0d82.jpg,w_fbc7895
9092cbc85.jpg,w_fbc7895
e6232ac85.jpg,w_fbc7895
2fe1de29c.jpg,w_fbc7895
a89c4bdf5.jpg,w_fbc7895
2cec8d6eb.jpg,w_fbc7895
629173d21.jpg,w_fbc7895
4ccd9849b.jpg,w_fbc7895
f4479d9bc.jpg,w_64055b4
db72f7231.jpg,w_64055b4
eeef839d1.jpg,w_64055b4
ac8927354.jpg,w_3c972b3
3cd6c9ac5.jpg,w_3c972b3
e2477d680.jpg,w_85d9229
4d378a0b2.jpg,w_85d9229
d59697e87.jpg,w_85d9229
5f4c98e03.jpg,w_15b3f09
b95f25945.jpg,w_15b3f09
45b92c1f8.jpg,w_a90164b
bdba94c9d.jpg,w_a90164b
7f2347ca5.jpg,w_a90164b
c976a5755.jpg,w_f13f7b3
5e9b363b8.jpg,w_f13f7b3
3842576ef.jpg,w_6aab519
b2b0739df.jpg,w_6aab519
13df308bc.jpg,w_d6ca28d
00bc4dade.jpg,w_d6ca28d
434bfbee1.jpg,w_d6ca28d
8b28262be.jpg,w_8d0a2a2
331051b10.jpg,w_8d0a2a2
1b5d4debb.jpg,w_8d0a2a2
2d57559cf.jpg,w_f953704
b22a8b434.jpg,w_f953704
85735cf44.jpg,w_1fecb34
7edbdca82.jpg,w_1fecb34
d070e8823.jpg,w_1fecb34
7e7915a75.jpg,w_36828b8
a1e13fa23.jpg,w_36828b8
fa01eeaed.jpg,w_36828b8
e39267f17.jpg,w_73435d0
85b93fb7a.jpg,w_73435d0
e2e74ce81.jpg,w_73435d0
87598a765.jpg,w_73435d0
d63a01542.jpg,w_55a34c7
b6f34c22b.jpg,w_55a34c7
09863f552.jpg,w_6f9f759
7e09f8294.jpg,w_6f9f759
52688d5d0.jpg,w_6f9f759
948dc2d5a.jpg,w_1419d90
b9c387bc9.jpg,w_1419d90
e0d847e1a.jpg,w_1419d90
18c7f0c14.jpg,w_1419d90
716f6f462.jpg,w_bb9306c
caecf42e0.jpg,w_bb9306c
4742bb66b.jpg,w_4a8a4c9
107b998cc.jpg,w_4a8a4c9
71ef5b73c.jpg,w_d6553ba
c5987c5b0.jpg,w_d6553ba
bd57cb3a4.jpg,w_b7b0ad7
6360eb55e.jpg,w_b7b0ad7
7f1aeef66.jpg,w_81eee24
d3a5fab69.jpg,w_81eee24
94332cb0d.jpg,w_2f6d4a8
aa30d3be9.jpg,w_2f6d4a8
36f0aff97.jpg,w_3a63e33
fedbb173c.jpg,w_3a63e33
e72b9293a.jpg,w_3a63e33
1b59524ac.jpg,w_3a63e33
b9e850bf4.jpg,w_3a63e33
9fa5931d3.jpg,w_3b32955
a0a6f9792.jpg,w_3b32955
590845dd1.jpg,w_706e4fb
be73abffa.jpg,w_706e4fb
03c7a583e.jpg,w_f2f7550
633705d39.jpg,w_f2f7550
707ce5f70.jpg,w_8a4618d
d86a6c1ab.jpg,w_8a4618d
c5a106f9d.jpg,w_9472e22
2618a13a6.jpg,w_9472e22
33196fcf4.jpg,w_17c9df5
05550c64d.jpg,w_17c9df5
0ff691557.jpg,w_98fc82f
b58806652.jpg,w_98fc82f
1c565ff94.jpg,w_7830b52
44866606a.jpg,w_7830b52
c0c4e9d20.jpg,w_84dadae
d86829006.jpg,w_84dadae
684716743.jpg,w_a981164
43bbedb11.jpg,w_a981164
2b9e7a727.jpg,w_a981164
b21ca3896.jpg,w_2034344
92128d1fc.jpg,w_2034344
1da9b5cb1.jpg,w_9b171a8
3573f86cb.jpg,w_9b171a8
559d61fea.jpg,w_cafe0d0
b35378602.jpg,w_cafe0d0
aa13ee7e6.jpg,w_43f0465
48a9c1247.jpg,w_43f0465
7ca9affc3.jpg,w_8e88f4f
18fb6f5f7.jpg,w_8e88f4f
3b2278260.jpg,w_9cf0388
275fb3adf.jpg,w_9cf0388
7b72cf27e.jpg,w_9cf0388
9098d99a0.jpg,w_776f336
981e6e420.jpg,w_776f336
90aca0a93.jpg,w_70d0b3c
d921ce1b1.jpg,w_70d0b3c
3f53b90b0.jpg,w_70d0b3c
ac8c6b9de.jpg,w_70d0b3c
bbcad773c.jpg,w_70d0b3c
2a8590b22.jpg,w_70d0b3c
fe602b1d7.jpg,w_70d0b3c
44703d01f.jpg,w_70d0b3c
2d07ab7d2.jpg,w_70d0b3c
8a8f3a428.jpg,w_4c01b28
245929082.jpg,w_4c01b28
7edea18cb.jpg,w_4c01b28
aa875ee4f.jpg,w_597758e
ddf486d90.jpg,w_597758e
50a5bdf28.jpg,w_7c5b20d
8b5d564d4.jpg,w_7c5b20d
6f85b6636.jpg,w_bc101a3
bd68c2015.jpg,w_bc101a3
8658b6af5.jpg,w_05081a8
ef50e4467.jpg,w_05081a8
129f0f5d9.jpg,w_2059146
793656b52.jpg,w_2059146
aa3562d3f.jpg,w_d1f35d6
9bc118462.jpg,w_d1f35d6
788bbe844.jpg,w_d1f35d6
023dc5c36.jpg,w_0a155b9
abd9dc294.jpg,w_0a155b9
08dd94712.jpg,w_0a155b9
5b52d4558.jpg,w_0a155b9
807fbffce.jpg,w_0a155b9
267c5e560.jpg,w_0a155b9
3a9a7c98d.jpg,w_0a155b9
1965df4d1.jpg,w_0a155b9
50eca13a6.jpg,w_0a155b9
8498fec74.jpg,w_0a155b9
06cfbaddf.jpg,w_0a155b9
073fc11a0.jpg,w_0a155b9
837cfabb3.jpg,w_0a155b9
01f6f8d04.jpg,w_0513962
24f498675.jpg,w_0513962
965b8ad9a.jpg,w_1759e4e
aea57c129.jpg,w_1759e4e
7d8758f43.jpg,w_cb622a2
00355ff28.jpg,w_cb622a2
58b51d858.jpg,w_cb622a2
0c81a988e.jpg,w_cb622a2
610d189f1.jpg,w_cb622a2
15c191011.jpg,w_afcf807
6ffdc2f7a.jpg,w_afcf807
f20157e5a.jpg,w_d588fb4
8294e5a2d.jpg,w_d588fb4
20ba6a9af.jpg,w_d588fb4
d5856e04f.jpg,w_d588fb4
9db9b9dde.jpg,w_d588fb4
08aee34dc.jpg,w_d588fb4
fd99f3b46.jpg,w_59109e5
b4f4364d0.jpg,w_59109e5
7d3d152cc.jpg,w_59109e5
a7795fa2a.jpg,w_5871dfd
9cefabc42.jpg,w_5871dfd
6b6c74cc4.jpg,w_5871dfd
386d1790c.jpg,w_903c254
dd6260e80.jpg,w_903c254
57130e95a.jpg,w_e05c1a2
7636736a7.jpg,w_e05c1a2
b371c60d0.jpg,w_329c19c
85450ef23.jpg,w_329c19c
02be719b7.jpg,w_329c19c
7dda33072.jpg,w_b4841bd
10ff327a5.jpg,w_b4841bd
360e1ce66.jpg,w_dd54cb2
699fa5b38.jpg,w_dd54cb2
c6eb0b9dd.jpg,w_83a4279
41e398a98.jpg,w_83a4279
3b66bd85d.jpg,w_83a4279
5c029710f.jpg,w_83a4279
522897d8b.jpg,w_83a4279
edcd49eb9.jpg,w_83a4279
3ccfa4891.jpg,w_83a4279
74ef55dfa.jpg,w_83a4279
d593a9aa7.jpg,w_bc022c6
83e5fd13c.jpg,w_bc022c6
bc31d0e3b.jpg,w_69c8945
8abffa6d3.jpg,w_69c8945
a14bd62d3.jpg,w_5252dc7
7e88405b0.jpg,w_5252dc7
f8f839477.jpg,w_6fd2888
d2861bedf.jpg,w_6fd2888
2949e3044.jpg,w_6fd2888
09b53fe6c.jpg,w_1133530
fb403643f.jpg,w_1133530
b6a82b6e2.jpg,w_1133530
e7f5ea911.jpg,w_1133530
85e3737c9.jpg,w_df1f698
66b1f08da.jpg,w_df1f698
7395a8bf7.jpg,w_df1f698
85d4b31f6.jpg,w_df1f698
8cc81684a.jpg,w_d2b440e
6cf98cb88.jpg,w_d2b440e
3bd053824.jpg,w_d2b440e
518d42eb1.jpg,w_d2b440e
2a4510df9.jpg,w_f1d2222
0ecd0458a.jpg,w_f1d2222
e0c8b9966.jpg,w_3b3f3ce
f724c5c64.jpg,w_3b3f3ce
ab8470e31.jpg,w_94a7669
2f0b9fe47.jpg,w_94a7669
7fa2d3cfe.jpg,w_94a7669
f6f78039f.jpg,w_94a7669
fb9b2260d.jpg,w_94a7669
7c78d8ef1.jpg,w_94a7669
ec67e06d2.jpg,w_94a7669
ec8c7229d.jpg,w_2a946f2
05a967957.jpg,w_2a946f2
028c4bfde.jpg,w_ee2326a
f216c26dd.jpg,w_ee2326a
4f309f2de.jpg,w_9060d27
81538729e.jpg,w_9060d27
89d12cfd4.jpg,w_e6d9cdd
5e1487a7b.jpg,w_e6d9cdd
de75de856.jpg,w_9be308e
fafb30b7e.jpg,w_9be308e
45407f74b.jpg,w_aa2d6fc
f6378e50b.jpg,w_aa2d6fc
a8ea46bb0.jpg,w_4b8638b
202bcdbdf.jpg,w_4b8638b
dad903626.jpg,w_625e590
b292a49b8.jpg,w_625e590
d058814c6.jpg,w_625e590
9a827e2ab.jpg,w_625e590
e39628f96.jpg,w_625e590
20d96f6e9.jpg,w_625e590
16cd67748.jpg,w_8e92662
6b57a2817.jpg,w_8e92662
d8adc80c4.jpg,w_1d0830e
278c761ca.jpg,w_1d0830e
461c0a1a8.jpg,w_d7b6f17
393235da9.jpg,w_d7b6f17
f878d4f70.jpg,w_0abdaf4
62b4b391c.jpg,w_0abdaf4
eb954a222.jpg,w_0abdaf4
0695dc488.jpg,w_0abdaf4
a41c455c9.jpg,w_0abdaf4
60ed9ef5a.jpg,w_0abdaf4
179a88ebd.jpg,w_0abdaf4
afdb1c61e.jpg,w_0abdaf4
4aa4de13a.jpg,w_0abdaf4
5a2ebf080.jpg,w_0abdaf4
a27c8adf9.jpg,w_94e136e
578239967.jpg,w_94e136e
e8114ae01.jpg,w_94e136e
25d118fc5.jpg,w_94e136e
7421747c4.jpg,w_a335fc2
33697bc8a.jpg,w_a335fc2
7920c487a.jpg,w_4e63f7a
1a8c7651a.jpg,w_4e63f7a
f00d65686.jpg,w_4e63f7a
39bc98b54.jpg,w_d0475b2
3446285aa.jpg,w_d0475b2
914bc1940.jpg,w_d0475b2
048803f5b.jpg,w_d0475b2
a3ff0e5bf.jpg,w_d0475b2
90dcd3e50.jpg,w_d0475b2
cf0bf06a7.jpg,w_d0475b2
e5821122d.jpg,w_83869d3
02beb151f.jpg,w_83869d3
5b1e06c0c.jpg,w_dc23fbc
5887d2f29.jpg,w_dc23fbc
0fcf7cb0b.jpg,w_dc23fbc
ec297c04f.jpg,w_dc23fbc
43f973aec.jpg,w_cdc4a40
baec650d9.jpg,w_cdc4a40
de1e66877.jpg,w_cdc4a40
302786c5d.jpg,w_cdc4a40
c905d07c9.jpg,w_dc7d6d7
2c93a7326.jpg,w_dc7d6d7
a06f4b6c5.jpg,w_b3ca4b7
64c977440.jpg,w_b3ca4b7
0b2cbfa4c.jpg,w_b3ca4b7
e70f086ef.jpg,w_b3ca4b7
5271b2ccd.jpg,w_b3ca4b7
9c823f33b.jpg,w_b3ca4b7
3a12c55f7.jpg,w_b3ca4b7
bd3ba5e32.jpg,w_b3ca4b7
049202dd2.jpg,w_b3ca4b7
5117e04c0.jpg,w_b3ca4b7
654d926ec.jpg,w_b3ca4b7
d0b49aaee.jpg,w_a371235
2b3a4a5d9.jpg,w_a371235
1b5810123.jpg,w_15bf4be
2783c54ce.jpg,w_15bf4be
59fbee13c.jpg,w_dea6580
6dfb2f296.jpg,w_dea6580
0117ac323.jpg,w_4516d31
364b4d9d5.jpg,w_4516d31
661e90403.jpg,w_591a2c5
33ee87d21.jpg,w_591a2c5
cb13469f1.jpg,w_591a2c5
46377769c.jpg,w_591a2c5
d6cf5d3ec.jpg,w_591a2c5
8fc25929b.jpg,w_c7cda47
00a3dd76f.jpg,w_c7cda47
785aba89d.jpg,w_0d145d4
8edef7e0d.jpg,w_0d145d4
a505313ac.jpg,w_0d145d4
0a1aa01e8.jpg,w_c4b02b0
20a42d995.jpg,w_c4b02b0
d182d721d.jpg,w_c4b02b0
94b3aa71d.jpg,w_c4b02b0
33e4f9948.jpg,w_c4b02b0
d0147ba47.jpg,w_c4b02b0
15d586595.jpg,w_c4b02b0
f0390f6d0.jpg,w_c4b02b0
c42bccf0c.jpg,w_264c2e1
12f6ce260.jpg,w_264c2e1
929cf0cb6.jpg,w_0d43823
623fd7fcf.jpg,w_0d43823
75518f11e.jpg,w_b1be75f
be8e5c54d.jpg,w_b1be75f
2427b1a3e.jpg,w_13edc47
8e4cd113a.jpg,w_13edc47
f6b9ece6a.jpg,w_bdb3a05
44cf487a0.jpg,w_bdb3a05
9d2c4d9c4.jpg,w_e2372d6
4ede10890.jpg,w_e2372d6
1bb486b25.jpg,w_e2372d6
9b638ad75.jpg,w_e2372d6
edf0b264c.jpg,w_e2372d6
677a14d01.jpg,w_51e7506
e0842c652.jpg,w_51e7506
34388b444.jpg,w_51e7506
5ec90a5ec.jpg,w_51e7506
94c00920b.jpg,w_51e7506
777ab7ad2.jpg,w_51e7506
a32fbd4c5.jpg,w_51e7506
93c197115.jpg,w_51e7506
cb050f55c.jpg,w_51e7506
14859f304.jpg,w_51e7506
ffca5cb22.jpg,w_51e7506
02b4351c8.jpg,w_51e7506
d1e4bcc89.jpg,w_51e7506
c70a89201.jpg,w_51e7506
2ff988b9f.jpg,w_51e7506
17cf2b100.jpg,w_cf88f4b
59460991f.jpg,w_cf88f4b
d34a2140f.jpg,w_cf88f4b
3c3393e26.jpg,w_1ffc4ab
225fc829e.jpg,w_1ffc4ab
0d26ab5da.jpg,w_e9cf335
eb2290d9a.jpg,w_e9cf335
b44c9892f.jpg,w_e9cf335
086f71acf.jpg,w_e9cf335
0a560b251.jpg,w_e9cf335
8561cc70c.jpg,w_e9cf335
7cd4067cf.jpg,w_b8e1687
e940d590d.jpg,w_b8e1687
f5fa3f645.jpg,w_8ca7f37
a2dcf6ce0.jpg,w_8ca7f37
6003ebe18.jpg,w_8ca7f37
2c5ec4c33.jpg,w_3f5c708
a611d1a1c.jpg,w_3f5c708
e9d11b1aa.jpg,w_3f5c708
34acc3142.jpg,w_3f5c708
04cb9fe4e.jpg,w_99383ac
2e729b409.jpg,w_99383ac
f5e70fc2a.jpg,w_4b609e1
d99b05a44.jpg,w_4b609e1
58f47528c.jpg,new_whale
9aa20ab07.jpg,new_whale
edf0a7b8c.jpg,new_whale
4ae0e7ca0.jpg,new_whale
7a2bae3dc.jpg,new_whale
1404c458a.jpg,new_whale
7d22f12b0.jpg,new_whale
127bdd2fe.jpg,new_whale
539c7cfcd.jpg,new_whale
ada29d516.jpg,new_whale
5f5b7b5da.jpg,new_whale
6611cfd90.jpg,new_whale
9c187f3b5.jpg,new_whale
94b1c5a30.jpg,new_whale
ed3009a6e.jpg,new_whale
e3a6a2879.jpg,new_whale
eebbb2e0c.jpg,new_whale
594b2c5a6.jpg,new_whale
d36cb74e4.jpg,new_whale
323a81cdc.jpg,new_whale
75dee2433.jpg,new_whale
07aeee4dc.jpg,new_whale
57d9c8c9c.jpg,new_whale
8e23351c7.jpg,new_whale
66710b603.jpg,new_whale
eab1c7868.jpg,new_whale
d431dba78.jpg,new_whale
abd70059e.jpg,new_whale
2d69a9930.jpg,new_whale
4c24a19a6.jpg,new_whale
ce5686c91.jpg,new_whale
61b24e32b.jpg,new_whale
01eee7676.jpg,new_whale
b22373eea.jpg,new_whale
2f84b882f.jpg,new_whale
e395e37a4.jpg,new_whale
68ba3be26.jpg,new_whale
964eef4d4.jpg,new_whale
394808302.jpg,new_whale
4df730d72.jpg,new_whale
450fea7ef.jpg,new_whale
382208971.jpg,new_whale
910df4c98.jpg,new_whale
ea0be839d.jpg,new_whale
17202fd2d.jpg,new_whale
2de0f0476.jpg,new_whale
f24b9cc42.jpg,new_whale
2f3cbb456.jpg,new_whale
18f55985d.jpg,new_whale
a1703decb.jpg,new_whale
1422f43e9.jpg,new_whale
9862da08b.jpg,new_whale
60e323700.jpg,new_whale
94c37b2e7.jpg,new_whale
082397c5a.jpg,new_whale
8f6a8bcf6.jpg,new_whale
e3bdf676c.jpg,new_whale
829df4f42.jpg,new_whale
7397b9da4.jpg,new_whale
799f86aec.jpg,new_whale
f318f1fa3.jpg,new_whale
a4e7cacdb.jpg,new_whale
2161fbfa9.jpg,new_whale
a61fe69e9.jpg,new_whale
5e9530f06.jpg,new_whale
69ad7a4cc.jpg,new_whale
193d2e6c3.jpg,new_whale
1b9c5f608.jpg,new_whale
555e6a758.jpg,new_whale
d3cd2d857.jpg,new_whale
8f7565032.jpg,new_whale
a4eda432b.jpg,new_whale
61a5c05c4.jpg,new_whale
06c34e03f.jpg,new_whale
655e1dcd6.jpg,new_whale
4cdac6e96.jpg,new_whale
100f10498.jpg,new_whale
be871e4a3.jpg,new_whale
e2052aaf3.jpg,new_whale
43c236da5.jpg,new_whale
1354c6591.jpg,new_whale
124a0e40a.jpg,new_whale
80d07981d.jpg,new_whale
706da9a27.jpg,new_whale
0085a6bd0.jpg,new_whale
c4e9ff5fa.jpg,new_whale
22f22e657.jpg,new_whale
bb7984f48.jpg,new_whale
4d7262a1e.jpg,new_whale
92dc06a5d.jpg,new_whale
de9145903.jpg,new_whale
ea35e477a.jpg,new_whale
bfc9bf140.jpg,new_whale
9c0bb5ba6.jpg,new_whale
39e579120.jpg,new_whale
d50815008.jpg,new_whale
df84907f9.jpg,new_whale
880474425.jpg,new_whale
df7929a18.jpg,new_whale
793020462.jpg,new_whale
8715b4109.jpg,new_whale
40ec9e584.jpg,new_whale
6164d5583.jpg,new_whale
4c1a0b1f9.jpg,new_whale
2d6f24b98.jpg,new_whale
8aa49cc0e.jpg,new_whale
425611ea4.jpg,new_whale
2ae0a3a09.jpg,new_whale
49980d995.jpg,new_whale
5b3e7b0e3.jpg,new_whale
7cea9bce9.jpg,new_whale
c73508c6a.jpg,new_whale
0c98d7b02.jpg,new_whale
f8176e555.jpg,new_whale
3423ffe38.jpg,new_whale
4f19ebb16.jpg,new_whale
47b9c75d8.jpg,new_whale
286f2f4dc.jpg,new_whale
784b1cd28.jpg,new_whale
3d90647a3.jpg,new_whale
bcf621d30.jpg,new_whale
05755e2b6.jpg,new_whale
768fc0458.jpg,new_whale
c41a937e7.jpg,new_whale
2b474f014.jpg,new_whale
9c7bca816.jpg,new_whale
bb07f4d92.jpg,new_whale
10b40c393.jpg,new_whale
086f12cec.jpg,new_whale
7cc96504e.jpg,new_whale
a903f7b1d.jpg,new_whale
6206bb8d7.jpg,new_whale
517779b2a.jpg,new_whale
ed5d065f4.jpg,new_whale
cd3afe416.jpg,new_whale
d7f9f8619.jpg,new_whale
4dda2d639.jpg,new_whale
0fb7d0f90.jpg,new_whale
80234922c.jpg,new_whale
faad2501c.jpg,new_whale
0b9c56e0e.jpg,new_whale
9f1706132.jpg,new_whale
4e0c08556.jpg,new_whale
1b0a4330a.jpg,new_whale
ea6589c1c.jpg,new_whale
a41c1f4ca.jpg,new_whale
7b50e8b2d.jpg,new_whale
0f4c14db8.jpg,new_whale
189d85e90.jpg,new_whale
af0aa222b.jpg,new_whale
84c6bdd3e.jpg,new_whale
29e888ee6.jpg,new_whale
ee49f49c8.jpg,new_whale
fd6f7856f.jpg,new_whale
3dec45f6a.jpg,new_whale
252f92d36.jpg,new_whale
6277337e5.jpg,new_whale
42c066bdb.jpg,new_whale
9b7da9281.jpg,new_whale
a278b2fb0.jpg,new_whale
ed23484b3.jpg,new_whale
994f94e41.jpg,new_whale
2a64fb056.jpg,new_whale
f6c34eae8.jpg,new_whale
f767d06e8.jpg,new_whale
944591a12.jpg,new_whale
ee278ac35.jpg,new_whale
5a02bb81b.jpg,new_whale
27d302a74.jpg,new_whale
a79a06e3c.jpg,new_whale
5db3505ac.jpg,new_whale
9eab3a2d3.jpg,new_whale
6728a3750.jpg,new_whale
ea1778da7.jpg,new_whale
a84a2900b.jpg,new_whale
30fc3dd87.jpg,new_whale
fc9576169.jpg,new_whale
f31a77e35.jpg,new_whale
8232c5f4c.jpg,new_whale
43f439ae8.jpg,new_whale
954023d6b.jpg,new_whale
a7a042f16.jpg,new_whale
f23f58033.jpg,new_whale
580c58624.jpg,new_whale
61b6feffd.jpg,new_whale
5bc2b3408.jpg,new_whale
4a7afcd35.jpg,new_whale
ba62829af.jpg,new_whale
8fe62be2e.jpg,new_whale
2ea9554d3.jpg,new_whale
96d423356.jpg,new_whale
ae58671f3.jpg,new_whale
4540cb738.jpg,new_whale
b76afc1f8.jpg,new_whale
0378f59b5.jpg,new_whale
ed20901c2.jpg,new_whale
e9bc585d1.jpg,new_whale
0356860be.jpg,new_whale
7589006ca.jpg,new_whale
22b4ef14d.jpg,new_whale
36875e12d.jpg,new_whale
620db1b2b.jpg,new_whale
dce9c31d0.jpg,new_whale
769550e74.jpg,new_whale
cb91c7939.jpg,new_whale
8cbe33c61.jpg,new_whale
de3e55821.jpg,new_whale
2a9fffbe6.jpg,new_whale
5c19ca780.jpg,new_whale
0f36db982.jpg,new_whale
08eeafc29.jpg,new_whale
777b15ad7.jpg,new_whale
f8f60dd4c.jpg,new_whale
dcb416c6c.jpg,new_whale
bde7464f4.jpg,new_whale
de9f21c23.jpg,new_whale
1cf849fb5.jpg,new_whale
52afe7eb3.jpg,new_whale
2acffdf4d.jpg,new_whale
0f1d4384b.jpg,new_whale
3a098e044.jpg,new_whale
2bfb3d858.jpg,new_whale
8e5c12e6b.jpg,new_whale
bbd274098.jpg,new_whale
263bbf0b5.jpg,new_whale
84dcf66d9.jpg,new_whale
fb8d80836.jpg,new_whale
945baf315.jpg,new_whale
2aa194f2f.jpg,new_whale
bf87c5a61.jpg,new_whale
fbc10ae0f.jpg,new_whale
c794a603b.jpg,new_whale
bced86195.jpg,new_whale
077f870f1.jpg,new_whale
08eab80de.jpg,new_whale
a54ddf8be.jpg,new_whale
45a923b7e.jpg,new_whale
5f94e63e2.jpg,new_whale
d968e0ea8.jpg,new_whale
cf3d34203.jpg,new_whale
e3119f960.jpg,new_whale
a84cb270b.jpg,new_whale
a63066a5a.jpg,new_whale
f7e587498.jpg,new_whale
100ab2313.jpg,new_whale
ed95d635b.jpg,new_whale
4aa265405.jpg,new_whale
d6010cb21.jpg,new_whale
b9ee0a60b.jpg,new_whale
4f758bf97.jpg,new_whale
dd3f53653.jpg,new_whale
96db1b5b7.jpg,new_whale
9c1f89066.jpg,new_whale
3a1a8f03f.jpg,new_whale
6d0542c37.jpg,new_whale
d10e7502e.jpg,new_whale
d187ff9a2.jpg,new_whale
cb1e4d0b9.jpg,new_whale
e59fa7016.jpg,new_whale
826a34e8d.jpg,new_whale
3fee17d29.jpg,new_whale
5f32a0733.jpg,new_whale
bf0ec8f88.jpg,new_whale
f26cb5b1a.jpg,new_whale
0f6f1abc6.jpg,new_whale
f4a8a21a7.jpg,new_whale
3d5057e1d.jpg,new_whale
21b05eb04.jpg,new_whale
633fabcfe.jpg,new_whale
94038c83d.jpg,new_whale
cc3a195f3.jpg,new_whale
408da8062.jpg,new_whale
06f3ca9ed.jpg,new_whale
a02b3fc44.jpg,new_whale
ffd0f1e95.jpg,new_whale
3f55bca95.jpg,new_whale
88f198b5e.jpg,new_whale
9219b6e10.jpg,new_whale
7b02c9fa0.jpg,new_whale
4d3141425.jpg,new_whale
d4c858a74.jpg,new_whale
d9b17da43.jpg,new_whale
2b627b131.jpg,new_whale
fd9ca8d6d.jpg,new_whale
caaab667d.jpg,new_whale
5c7894e34.jpg,new_whale
e02684547.jpg,new_whale
6089968f6.jpg,new_whale
c411bf4c8.jpg,new_whale
36edb89a2.jpg,new_whale
9bff521c6.jpg,new_whale
09395ca18.jpg,new_whale
0a60b3180.jpg,new_whale
e0add05d3.jpg,new_whale
d46aab637.jpg,new_whale
29462f6d6.jpg,new_whale
333e5a851.jpg,new_whale
a78c4edad.jpg,new_whale
473fd6586.jpg,new_whale
1ab6b1cbd.jpg,new_whale
8bcabf05a.jpg,new_whale
3889d6902.jpg,new_whale
d45f4978d.jpg,new_whale
7bfe32dad.jpg,new_whale
67312a574.jpg,new_whale
cbe92ba66.jpg,new_whale
638310e0e.jpg,new_whale
22a8cb6c3.jpg,new_whale
fd12f4a76.jpg,new_whale
0f77c3fc1.jpg,new_whale
633adfeb9.jpg,new_whale
22d004cc6.jpg,new_whale
436722ab2.jpg,new_whale
c3c2f5b9b.jpg,new_whale
749df667c.jpg,new_whale
dfa7f06a7.jpg,new_whale
ebf6e2632.jpg,new_whale
d5d7263b6.jpg,new_whale
20977bf3e.jpg,new_whale
5549dec3d.jpg,new_whale
f04a91ad5.jpg,new_whale
f01570379.jpg,new_whale
8670cf7af.jpg,new_whale
8e326c29c.jpg,new_whale
4ab220074.jpg,new_whale
7e495c155.jpg,new_whale
d3560ea25.jpg,new_whale
27647e0be.jpg,new_whale
58b1d81e0.jpg,new_whale
91b4e6fe6.jpg,new_whale
589995225.jpg,new_whale
5a98812a7.jpg,new_whale
ece700c43.jpg,new_whale
3fda22e8c.jpg,new_whale
abf21d040.jpg,new_whale
a3d6ef2e7.jpg,new_whale
8707e737e.jpg,new_whale
1df0363d8.jpg,new_whale
5ca0eb281.jpg,new_whale
b32193046.jpg,new_whale
1e20f43bb.jpg,new_whale
80e7b472d.jpg,new_whale
9e4b41df0.jpg,new_whale
c35caece1.jpg,new_whale
3abe1ba24.jpg,new_whale
13cce503b.jpg,new_whale
65ea2dbbd.jpg,new_whale
0b05062cd.jpg,new_whale
1cb7e70be.jpg,new_whale
6408def2d.jpg,new_whale
c39032901.jpg,new_whale
be2cd5343.jpg,new_whale
af43d2b94.jpg,new_whale
476a0bdc8.jpg,new_whale
b34b839e7.jpg,new_whale
c96beee45.jpg,new_whale
79fb296bf.jpg,new_whale
f9713c277.jpg,new_whale
09365e188.jpg,new_whale
fdd41d14c.jpg,new_whale
8b23b0eb6.jpg,new_whale
846121136.jpg,new_whale
5c5d7c07e.jpg,new_whale
20eeb04fb.jpg,new_whale
7260776c9.jpg,new_whale
b844a1de6.jpg,new_whale
5b0b6a371.jpg,new_whale
3843679b0.jpg,new_whale
7015f04c3.jpg,new_whale
1a8b11664.jpg,new_whale
cef7b736d.jpg,new_whale
2f683e88c.jpg,new_whale
ab5a5d671.jpg,new_whale
83145fd08.jpg,new_whale
47cc7b788.jpg,new_whale
04cbf7ba9.jpg,new_whale
40e8ebbfb.jpg,new_whale
f42c18083.jpg,new_whale
fb0971819.jpg,new_whale
b54e6b74b.jpg,new_whale
7255c8c0e.jpg,new_whale
12db6da3b.jpg,new_whale
63f1a5321.jpg,new_whale
d2a252bed.jpg,new_whale
9e7ddc07d.jpg,new_whale
6a93ea300.jpg,new_whale
f1b75bbf8.jpg,new_whale
dfe4efca4.jpg,new_whale
7a23e6758.jpg,new_whale
8a0fcee65.jpg,new_whale
00e4afee9.jpg,new_whale
13b7baa29.jpg,new_whale
995f31077.jpg,new_whale
bf8311f5c.jpg,new_whale
6ba5a9fae.jpg,new_whale
99ebc0c44.jpg,new_whale
f6269864f.jpg,new_whale
fbff8c887.jpg,new_whale
52968a523.jpg,new_whale
9a7192ad2.jpg,new_whale
4fd6d24f5.jpg,new_whale
b2b3d94a1.jpg,new_whale
0c08f0cb6.jpg,new_whale
58bedd3fe.jpg,new_whale
e94a5de9f.jpg,new_whale
b7284048f.jpg,new_whale
4a78f31a1.jpg,new_whale
dd71e240c.jpg,new_whale
5c3cb39a4.jpg,new_whale
13baf1380.jpg,new_whale
4811bb5b1.jpg,new_whale
3060de673.jpg,new_whale
748c1a122.jpg,new_whale
ae19a6657.jpg,new_whale
38ef6a554.jpg,new_whale
04a21e189.jpg,new_whale
82f07eb60.jpg,new_whale
75965363d.jpg,new_whale
29d14676d.jpg,new_whale
12518411d.jpg,new_whale
01919fc42.jpg,new_whale
c0affce34.jpg,new_whale
90aa14a4e.jpg,new_whale
f7a57de9e.jpg,new_whale
d562f0bd4.jpg,new_whale
9f7594eeb.jpg,new_whale
e7be36ed3.jpg,new_whale
0c9798cd6.jpg,new_whale
30e87e7ca.jpg,new_whale
b2157a707.jpg,new_whale
b639f5a49.jpg,new_whale
18da3ddb5.jpg,new_whale
a86e041c7.jpg,new_whale
8657c556f.jpg,new_whale
73f96852f.jpg,new_whale
d712d6223.jpg,new_whale
65f54ad7c.jpg,new_whale
d4c9275be.jpg,new_whale
9560d1069.jpg,new_whale
c8f22208f.jpg,new_whale
cf21581c7.jpg,new_whale
2dba369c1.jpg,new_whale
d8711bd66.jpg,new_whale
858a32030.jpg,new_whale
2f8901afa.jpg,new_whale
a58bc3512.jpg,new_whale
7989d9a27.jpg,new_whale
3113fa42f.jpg,new_whale
89450482e.jpg,new_whale
927322b60.jpg,new_whale
72659b193.jpg,new_whale
50b0dfde4.jpg,new_whale
9771e6340.jpg,new_whale
958403301.jpg,new_whale
f6ccecb6d.jpg,new_whale
eb2a63274.jpg,new_whale
6f5dc5f62.jpg,new_whale
5b13ee1fd.jpg,new_whale
6db0341e6.jpg,new_whale
d969bfdfc.jpg,new_whale
5cf3eb021.jpg,new_whale
1133322de.jpg,new_whale
3ac7bae3b.jpg,new_whale
8990c3677.jpg,new_whale
66e73ca26.jpg,new_whale
03b9e3dea.jpg,new_whale
e56f2b257.jpg,new_whale
d10802d5d.jpg,new_whale
3cdd4910d.jpg,new_whale
498baf24c.jpg,new_whale
1bb5078ef.jpg,new_whale
8ab202911.jpg,new_whale
5b18760b2.jpg,new_whale
daa2c6e5c.jpg,new_whale
a57aeffc2.jpg,new_whale
38582cca9.jpg,new_whale
bf7bbb30f.jpg,new_whale
14437d2cb.jpg,new_whale
317662cd2.jpg,new_whale
154a5dea3.jpg,new_whale
948a3034b.jpg,new_whale
9d94fc5ab.jpg,new_whale
51ce25ad7.jpg,new_whale
3662b6586.jpg,new_whale
9c48bfa50.jpg,new_whale
7b23be2bc.jpg,new_whale
e7aa1075b.jpg,new_whale
d13a2dbdf.jpg,new_whale
e5467ba3f.jpg,new_whale
f2a4c2a89.jpg,new_whale
f9344e709.jpg,new_whale
9f4c4e9da.jpg,new_whale
a25d52a1b.jpg,new_whale
3c590a2d9.jpg,new_whale
3398bf18c.jpg,new_whale
1b58417be.jpg,new_whale
321f922d3.jpg,new_whale
b27137cf9.jpg,new_whale
b9c1cd792.jpg,new_whale
d9a8f062a.jpg,new_whale
ccb121df1.jpg,new_whale
76052392e.jpg,new_whale
caf667fe8.jpg,new_whale
2a215f11e.jpg,new_whale
2658f9271.jpg,new_whale
72e9145d2.jpg,new_whale
879b3dfbd.jpg,new_whale
343269bd4.jpg,new_whale
f53dc47fa.jpg,new_whale
922cb78e1.jpg,new_whale
1c47b1fac.jpg,new_whale
59d36b57e.jpg,new_whale
42150d155.jpg,new_whale
d6541e908.jpg,new_whale
a18333745.jpg,new_whale
4ed631be2.jpg,new_whale
11004288c.jpg,new_whale
43a80317b.jpg,new_whale
d507489ac.jpg,new_whale
341722a6f.jpg,new_whale
bb9f74bcf.jpg,new_whale
181115c88.jpg,new_whale
cb376146b.jpg,new_whale
31c5b7f20.jpg,new_whale
a42d6dd47.jpg,new_whale
19b80dd35.jpg,new_whale
d5bf858ae.jpg,new_whale
e014de738.jpg,new_whale
b23da0727.jpg,new_whale
fc9a3d777.jpg,new_whale
200a57748.jpg,new_whale
fe091d91e.jpg,new_whale
d9ad0d85d.jpg,new_whale
48203f7bb.jpg,new_whale
8deb2590f.jpg,new_whale
89bf908c4.jpg,new_whale
1d323f854.jpg,new_whale
e3115ff97.jpg,new_whale
dd3ca2387.jpg,new_whale
df3c41198.jpg,new_whale
cacdc46b9.jpg,new_whale
10f222020.jpg,new_whale
4f065a503.jpg,new_whale
d5858e02d.jpg,new_whale
7e59fef38.jpg,new_whale
e9792e41d.jpg,new_whale
9f1387fe2.jpg,new_whale
2da5a0222.jpg,new_whale
8754290ee.jpg,new_whale
21ca27c65.jpg,new_whale
8e7bf84d8.jpg,new_whale
a6f4e685d.jpg,new_whale
c5784ebf0.jpg,new_whale
ec0f2c317.jpg,new_whale
d102de015.jpg,new_whale
fc8ed9263.jpg,new_whale
273e837f2.jpg,new_whale
67f2fb054.jpg,new_whale
75f28d098.jpg,new_whale
3700b446a.jpg,new_whale
235dba3d1.jpg,new_whale
a8dad10d4.jpg,new_whale
484989b61.jpg,new_whale
c0a34f54c.jpg,new_whale
035ce8d51.jpg,new_whale
387486bfb.jpg,new_whale
1b8b60f45.jpg,new_whale
57f892725.jpg,new_whale
72fcc0cc0.jpg,new_whale
227613c57.jpg,new_whale
1652d8273.jpg,new_whale
e30223a97.jpg,new_whale
f11d80266.jpg,new_whale
eaec5c7f5.jpg,new_whale
e500c3f72.jpg,new_whale
d74ec9e6b.jpg,new_whale
6b8beae46.jpg,new_whale
1d6153877.jpg,new_whale
bd8f798f1.jpg,new_whale
d786cc6ae.jpg,new_whale
453512913.jpg,new_whale
74c8749f8.jpg,new_whale
436714acd.jpg,new_whale
fc7c46a41.jpg,new_whale
d95a64252.jpg,new_whale
99a95026a.jpg,new_whale
b8285d163.jpg,new_whale
d3f9d29ef.jpg,new_whale
619d72228.jpg,new_whale
4e5c37dd1.jpg,new_whale
00245a598.jpg,new_whale
50c9a2a29.jpg,new_whale
e5d18ad32.jpg,new_whale
d12e0e58f.jpg,new_whale
01e44668c.jpg,new_whale
94df2cd90.jpg,new_whale
064de9c50.jpg,new_whale
31a93fcfc.jpg,new_whale
ae2f2024a.jpg,new_whale
7feb7aec6.jpg,new_whale
6e83f4054.jpg,new_whale
668d5b887.jpg,new_whale
0e97eca3a.jpg,new_whale
b1c57a902.jpg,new_whale
74c25e337.jpg,new_whale
0ea51aece.jpg,new_whale
6f956a499.jpg,new_whale
ecf7fb79f.jpg,new_whale
8ba0f14bf.jpg,new_whale
236260347.jpg,new_whale
373430ed2.jpg,new_whale
bff298edc.jpg,new_whale
e2b6d6773.jpg,new_whale
5a8555fc1.jpg,new_whale
a2a7259ec.jpg,new_whale
437a9b516.jpg,new_whale
300eedf90.jpg,new_whale
f5cf1da12.jpg,new_whale
27e44b6e9.jpg,new_whale
4e44bcb96.jpg,new_whale
4dcf6412b.jpg,new_whale
4c9d0d02a.jpg,new_whale
0ec249112.jpg,new_whale
3d70b8ba4.jpg,new_whale
c4730feb8.jpg,new_whale
9fbc3eb0c.jpg,new_whale
3659134a2.jpg,new_whale
ed7ad8198.jpg,new_whale
73d35a95d.jpg,new_whale
86cb2ef2b.jpg,new_whale
018953e38.jpg,new_whale
27bc77bef.jpg,new_whale
42394e8bc.jpg,new_whale
6ed21c8f2.jpg,new_whale
39b2e403b.jpg,new_whale
b22f445cc.jpg,new_whale
f5b6b934f.jpg,new_whale
042caa5be.jpg,new_whale
b38f96796.jpg,new_whale
a087f3d9f.jpg,new_whale
edc678227.jpg,new_whale
278a4527a.jpg,new_whale
73a6f56a5.jpg,new_whale
6106f959c.jpg,new_whale
3e7277da4.jpg,new_whale
8704b3e5a.jpg,new_whale
8bfc48ee2.jpg,new_whale
093f9815d.jpg,new_whale
aaaf641c8.jpg,new_whale
aff045977.jpg,new_whale
d996bde56.jpg,new_whale
7b37f7940.jpg,new_whale
3cbeb4d4a.jpg,new_whale
daf187ffc.jpg,new_whale
362884102.jpg,new_whale
731a0ba90.jpg,new_whale
51d4328ca.jpg,new_whale
01396f4d1.jpg,new_whale
2c596ae63.jpg,new_whale
18a6a8885.jpg,new_whale
e7c5c3efc.jpg,new_whale
847f0679f.jpg,new_whale
cb43984c9.jpg,new_whale
78f195e95.jpg,new_whale
7c654e14b.jpg,new_whale
21616a811.jpg,new_whale
65f227e75.jpg,new_whale
c905563ad.jpg,new_whale
35d2c41ae.jpg,new_whale
ac06567a8.jpg,new_whale
457cee1a7.jpg,new_whale
3811b7df3.jpg,new_whale
6943d0104.jpg,new_whale
24921f77f.jpg,new_whale
ebdd5128b.jpg,new_whale
f3a89226e.jpg,new_whale
00f5927ae.jpg,new_whale
dbdce0aa3.jpg,new_whale
2e8981a78.jpg,new_whale
533871394.jpg,new_whale
3ff98fc7e.jpg,new_whale
4c56d19cb.jpg,new_whale
032dbd3ae.jpg,new_whale
914273766.jpg,new_whale
55fb85df5.jpg,new_whale
63a7bc033.jpg,new_whale
71db220bd.jpg,new_whale
bd3505c5b.jpg,new_whale
7e453ebba.jpg,new_whale
1e5c68b0c.jpg,new_whale
27848db54.jpg,new_whale
bf1cc710f.jpg,new_whale
4c7774efa.jpg,new_whale
f148d7361.jpg,new_whale
c6cee9abc.jpg,new_whale
67c2e5833.jpg,new_whale
6bf5a913b.jpg,new_whale
a5598b19b.jpg,new_whale
909cf2f40.jpg,new_whale
e44510976.jpg,new_whale
19917c432.jpg,new_whale
601e646a8.jpg,new_whale
23470dffa.jpg,new_whale
f2b63b65c.jpg,new_whale
fb4263c31.jpg,new_whale
b8544cec6.jpg,new_whale
e02815a4f.jpg,new_whale
883616414.jpg,new_whale
a81a670e9.jpg,new_whale
07cea88be.jpg,new_whale
3353c2487.jpg,new_whale
b1bc41e68.jpg,new_whale
46dcd85ec.jpg,new_whale
f2f896ffe.jpg,new_whale
173dea8ec.jpg,new_whale
813de3651.jpg,new_whale
a59f8cc41.jpg,new_whale
02b0efd14.jpg,new_whale
b67a1a054.jpg,new_whale
441c3d27a.jpg,new_whale
7e99938d5.jpg,new_whale
7df9ccb01.jpg,new_whale
943939e1b.jpg,new_whale
48227d20e.jpg,new_whale
396369c63.jpg,new_whale
879a8b7eb.jpg,new_whale
f9268fa22.jpg,new_whale
7e2607297.jpg,new_whale
f3a5fcc44.jpg,new_whale
9955202e1.jpg,new_whale
6d055ce9f.jpg,new_whale
656e70e61.jpg,new_whale
5fb3e2653.jpg,new_whale
3cf178135.jpg,new_whale
b3cd7e927.jpg,new_whale
60d747ae2.jpg,new_whale
d9a0dee98.jpg,new_whale
3823ee66f.jpg,new_whale
3bd6d27f3.jpg,new_whale
cb5e32e4b.jpg,new_whale
de1c06226.jpg,new_whale
77beb68b5.jpg,new_whale
a33e5bb54.jpg,new_whale
da3154bf3.jpg,new_whale
5edabecbd.jpg,new_whale
41688ed9a.jpg,new_whale
b2bd7411a.jpg,new_whale
5120debea.jpg,new_whale
ac62753e6.jpg,new_whale
e28bd69e9.jpg,new_whale
9895c19a9.jpg,new_whale
81e7211e7.jpg,new_whale
3cfe71d34.jpg,new_whale
4a92518bd.jpg,new_whale
1ca3aec88.jpg,new_whale
41756d382.jpg,new_whale
039533860.jpg,new_whale
936999f8a.jpg,new_whale
a57af1121.jpg,new_whale
014a7cdf0.jpg,new_whale
115dac1c8.jpg,new_whale
95cee3fe2.jpg,new_whale
18e41ef36.jpg,new_whale
3a034e86b.jpg,new_whale
8fd48bdf0.jpg,new_whale
7850600ac.jpg,new_whale
05fc2e35d.jpg,new_whale
82c8b8d94.jpg,new_whale
714da58bc.jpg,new_whale
654d1ea2e.jpg,new_whale
f69857468.jpg,new_whale
8230c70bc.jpg,new_whale
680d5e7e5.jpg,new_whale
7740dfeb6.jpg,new_whale
060ffd336.jpg,new_whale
34bfa68fb.jpg,new_whale
40d966f57.jpg,new_whale
494701604.jpg,new_whale
ae363e86e.jpg,new_whale
86e7fb4ce.jpg,new_whale
554c6382e.jpg,new_whale
ec0a3982c.jpg,new_whale
90b6a7222.jpg,new_whale
6401b5552.jpg,new_whale
cd5712905.jpg,new_whale
4273282ff.jpg,new_whale
f75bf766f.jpg,new_whale
953422a9a.jpg,new_whale
7bac49131.jpg,new_whale
0d04309bc.jpg,new_whale
be7e15a63.jpg,new_whale
f1a2fa3e6.jpg,new_whale
b71b7d6f1.jpg,new_whale
3ee43b7fe.jpg,new_whale
f53a8c091.jpg,new_whale
5feab19ea.jpg,new_whale
20cfea5cc.jpg,new_whale
112674d3c.jpg,new_whale
e3d8e21cf.jpg,new_whale
68a4ff4e2.jpg,new_whale
f424684d6.jpg,new_whale
1a885c4cc.jpg,new_whale
49d6fcfb6.jpg,new_whale
397f2f565.jpg,new_whale
bea79c7df.jpg,new_whale
87fef67b7.jpg,new_whale
43397f6c6.jpg,new_whale
926a49037.jpg,new_whale
c27aa963a.jpg,new_whale
c36bfacb0.jpg,new_whale
44bb09be4.jpg,new_whale
e00c1bcab.jpg,new_whale
dc75b4829.jpg,new_whale
384a44354.jpg,new_whale
e2ec00d35.jpg,new_whale
0b4735b87.jpg,new_whale
206d39aa6.jpg,new_whale
e4d120071.jpg,new_whale
26b49c568.jpg,new_whale
841550950.jpg,new_whale
ec1cded71.jpg,new_whale
771ebe2aa.jpg,new_whale
d03715142.jpg,new_whale
c7f1920f0.jpg,new_whale
ebb594022.jpg,new_whale
8336c3836.jpg,new_whale
368365f40.jpg,new_whale
e8b1cfcd1.jpg,new_whale
8d43e3292.jpg,new_whale
027ec5a1d.jpg,new_whale
294593d7f.jpg,new_whale
cd652183b.jpg,new_whale
ed5f8b13b.jpg,new_whale
d5e4e5006.jpg,new_whale
3da7d4acc.jpg,new_whale
1aa32c05c.jpg,new_whale
d594828ce.jpg,new_whale
5a7163609.jpg,new_whale
11b9716d2.jpg,new_whale
7e0323c84.jpg,new_whale
cd7c6d1c3.jpg,new_whale
891c36c4a.jpg,new_whale
49dfa06d3.jpg,new_whale
975340afb.jpg,new_whale
1b26c86ba.jpg,new_whale
938f5b204.jpg,new_whale
49cd9a8b7.jpg,new_whale
cdcacd8d0.jpg,new_whale
a13369354.jpg,new_whale
0095fe89c.jpg,new_whale
edf607fd4.jpg,new_whale
86a25747d.jpg,new_whale
f89c57a46.jpg,new_whale
cacf78803.jpg,new_whale
b799cd19d.jpg,new_whale
55ca852bd.jpg,new_whale
e329e184f.jpg,new_whale
2d8d4a0bb.jpg,new_whale
7a5d2dc00.jpg,new_whale
f3ffa959b.jpg,new_whale
be2000b5c.jpg,new_whale
57aabaa94.jpg,new_whale
016af7b1e.jpg,new_whale
c86f5b246.jpg,new_whale
a036d9ce0.jpg,new_whale
3d7a70fcf.jpg,new_whale
2eb8c2904.jpg,new_whale
27239d8a0.jpg,new_whale
9eed325f9.jpg,new_whale
812ea69cf.jpg,new_whale
3e0958624.jpg,new_whale
99e779ddd.jpg,new_whale
96717bd25.jpg,new_whale
86328de83.jpg,new_whale
1272df255.jpg,new_whale
618d0cce6.jpg,new_whale
6b3db19ad.jpg,new_whale
072c0b407.jpg,new_whale
3fcbd8b3c.jpg,new_whale
b69455168.jpg,new_whale
6a7866db0.jpg,new_whale
080ee8d66.jpg,new_whale
484bb76bf.jpg,new_whale
cc925bcde.jpg,new_whale
f0b63eab6.jpg,new_whale
e370bcea8.jpg,new_whale
9fb513aa7.jpg,new_whale
0ec4a69ac.jpg,new_whale
d36b7ee22.jpg,new_whale
afd6ad538.jpg,new_whale
b1f2fa0a2.jpg,new_whale
37e5642dc.jpg,new_whale
6d31083d3.jpg,new_whale
5058ed860.jpg,new_whale
9e8bb35c0.jpg,new_whale
87e142651.jpg,new_whale
333c4757a.jpg,new_whale
e10c8e85c.jpg,new_whale
24d8db3a0.jpg,new_whale
efb502c8c.jpg,new_whale
340e3de09.jpg,new_whale
c3e47f8a2.jpg,new_whale
06171a8a9.jpg,new_whale
05c6af025.jpg,new_whale
bf3d24d53.jpg,new_whale
63b4ec68f.jpg,new_whale
3d7d77e0f.jpg,new_whale
5f24f43e7.jpg,new_whale
b15f34902.jpg,new_whale
8e50c0fbd.jpg,new_whale
b17d5a255.jpg,new_whale
55ef19776.jpg,new_whale
df54674dd.jpg,new_whale
2824fb031.jpg,new_whale
a738bab0b.jpg,new_whale
66b50ac20.jpg,new_whale
df09f822a.jpg,new_whale
f5fea1a0b.jpg,new_whale
fe4fc3a7f.jpg,new_whale
c8270cd80.jpg,new_whale
6bb852cf0.jpg,new_whale
0e10f2228.jpg,new_whale
de56b26c6.jpg,new_whale
1e2f9b457.jpg,new_whale
f721d49ef.jpg,new_whale
05ee1fc22.jpg,new_whale
01cd7a357.jpg,new_whale
116e1a7b7.jpg,new_whale
502513a84.jpg,new_whale
847fee51f.jpg,new_whale
ee6e9aca9.jpg,new_whale
bcd61d4b6.jpg,new_whale
5f8d68179.jpg,new_whale
9b4c8f469.jpg,new_whale
be2aa4685.jpg,new_whale
67fc2e65e.jpg,new_whale
04e3e0baa.jpg,new_whale
30b462e55.jpg,new_whale
76053a928.jpg,new_whale
afe6f82f8.jpg,new_whale
39aa09363.jpg,new_whale
0043da555.jpg,new_whale
8edb43a55.jpg,new_whale
d5426d844.jpg,new_whale
f46f2186f.jpg,new_whale
481ab306e.jpg,new_whale
b39d6bd14.jpg,new_whale
bfe04617d.jpg,new_whale
fe37290ac.jpg,new_whale
277b96649.jpg,new_whale
ddfab19fc.jpg,new_whale
dc2e46a62.jpg,new_whale
a442166b3.jpg,new_whale
3d4f9f22a.jpg,new_whale
000f0f2bf.jpg,new_whale
10e99be26.jpg,new_whale
efb1f6fef.jpg,new_whale
96cdf35db.jpg,new_whale
32e8d4df8.jpg,new_whale
c17599d56.jpg,new_whale
c5c984d88.jpg,new_whale
38a236f13.jpg,new_whale
02fc410b6.jpg,new_whale
99adc5e80.jpg,new_whale
4b66039fe.jpg,new_whale
24d5b3a57.jpg,new_whale
253a824db.jpg,new_whale
8dd78a243.jpg,new_whale
588505fbd.jpg,new_whale
e16814121.jpg,new_whale
e81b67b79.jpg,new_whale
d4f98d191.jpg,new_whale
d53a4c0d3.jpg,new_whale
513dfbb94.jpg,new_whale
0baa89964.jpg,new_whale
e7afa0e62.jpg,new_whale
113d9b859.jpg,new_whale
7def9fbe6.jpg,new_whale
8d6922eba.jpg,new_whale
5826f0010.jpg,new_whale
deec80b14.jpg,new_whale
3f34571e7.jpg,new_whale
05536ec4b.jpg,new_whale
63b86e667.jpg,new_whale
73c6659cf.jpg,new_whale
5c75ab9de.jpg,new_whale
a834f35e4.jpg,new_whale
ec63129d4.jpg,new_whale
051fda3c9.jpg,new_whale
ec670d044.jpg,new_whale
1562d36e3.jpg,new_whale
c286d1009.jpg,new_whale
7b0fdb235.jpg,new_whale
941814010.jpg,new_whale
df23317ad.jpg,new_whale
448458c05.jpg,new_whale
ed11a191e.jpg,new_whale
daa6a0fb0.jpg,new_whale
879295bb4.jpg,new_whale
740104496.jpg,new_whale
db9667359.jpg,new_whale
e0a0f0229.jpg,new_whale
1f16d0f1a.jpg,new_whale
016173748.jpg,new_whale
57a8bca6f.jpg,new_whale
4b447bf1b.jpg,new_whale
a819ed33b.jpg,new_whale
27b279922.jpg,new_whale
b16908c64.jpg,new_whale
c829b321b.jpg,new_whale
eabe9965d.jpg,new_whale
a7da07504.jpg,new_whale
1dd62af88.jpg,new_whale
1ff4c316f.jpg,new_whale
c0e9273f8.jpg,new_whale
8669b5572.jpg,new_whale
63ee8c621.jpg,new_whale
0b4b6d9d4.jpg,new_whale
4edcb8076.jpg,new_whale
281814fa6.jpg,new_whale
6433c2d8c.jpg,new_whale
903388119.jpg,new_whale
94e319fcf.jpg,new_whale
f30eb371c.jpg,new_whale
859a2336b.jpg,new_whale
b070903dc.jpg,new_whale
efde3ac80.jpg,new_whale
2a3613f4c.jpg,new_whale
379bdf0d7.jpg,new_whale
b19fc886e.jpg,new_whale
5661bcd1c.jpg,new_whale
6529a7b9f.jpg,new_whale
c10243faa.jpg,new_whale
0633e8c04.jpg,new_whale
9dfc319e4.jpg,new_whale
6d828b0d5.jpg,new_whale
bcc30dfc8.jpg,new_whale
ab7178494.jpg,new_whale
1cc308eef.jpg,new_whale
c581881c2.jpg,new_whale
6130d6c6a.jpg,new_whale
ac31ea3b8.jpg,new_whale
1b9f3f777.jpg,new_whale
5fdc09ee2.jpg,new_whale
dc56ceb68.jpg,new_whale
63e83ade3.jpg,new_whale
9d0a5ddd1.jpg,new_whale
4266e8df0.jpg,new_whale
65b1444aa.jpg,new_whale
8bc2c8a13.jpg,new_whale
2ef47bed2.jpg,new_whale
0faeffa58.jpg,new_whale
9ea6b3d29.jpg,new_whale
ff2bda4d5.jpg,new_whale
b45786344.jpg,new_whale
d135ce2a1.jpg,new_whale
c36acef9d.jpg,new_whale
526554871.jpg,new_whale
f612b0020.jpg,new_whale
9a3f08246.jpg,new_whale
b11214de2.jpg,new_whale
0a7415fb8.jpg,new_whale
af1c7f65a.jpg,new_whale
38448f473.jpg,new_whale
a1928b425.jpg,new_whale
0c39bd7ff.jpg,new_whale
a81764481.jpg,new_whale
d97e92bcc.jpg,new_whale
1f4358722.jpg,new_whale
f0d040632.jpg,new_whale
9314be4ee.jpg,new_whale
56cc88e19.jpg,new_whale
d49a452aa.jpg,new_whale
4d9c4a1a0.jpg,new_whale
57ca7377f.jpg,new_whale
11edd672b.jpg,new_whale
e60f4cf56.jpg,new_whale
0264bd4b5.jpg,new_whale
d03054a70.jpg,new_whale
ca89eb680.jpg,new_whale
aee3184b0.jpg,new_whale
333550dad.jpg,new_whale
77a9547fd.jpg,new_whale
a7c275f93.jpg,new_whale
e31aadb1c.jpg,new_whale
3ec4daa8f.jpg,new_whale
64dee9839.jpg,new_whale
fa29a7da1.jpg,new_whale
28945291a.jpg,new_whale
0951bd9a6.jpg,new_whale
15b77d0ff.jpg,new_whale
2c3dad402.jpg,new_whale
58c33f811.jpg,new_whale
fe2629ce2.jpg,new_whale
9923701cd.jpg,new_whale
0998642a3.jpg,new_whale
7b97eb368.jpg,new_whale
a6984c6c8.jpg,new_whale
84b0a6634.jpg,new_whale
0434082ad.jpg,new_whale
04db9c5d8.jpg,new_whale
a3ecae009.jpg,new_whale
58e0e0226.jpg,new_whale
0a20d1ada.jpg,new_whale
fc09f2302.jpg,new_whale
03e562e8f.jpg,new_whale
669e95db9.jpg,new_whale
3150f97fb.jpg,new_whale
ab5c13f18.jpg,new_whale
4a658e7a9.jpg,new_whale
d74d08778.jpg,new_whale
861a30b57.jpg,new_whale
3ab31150c.jpg,new_whale
9916b38e6.jpg,new_whale
07ed57a03.jpg,new_whale
a4c06b4eb.jpg,new_whale
f1db1ec83.jpg,new_whale
2dc939597.jpg,new_whale
32278243f.jpg,new_whale
a35a6ddb7.jpg,new_whale
a9334c099.jpg,new_whale
983b1f136.jpg,new_whale
fc1abdaf1.jpg,new_whale
1065860c2.jpg,new_whale
f404e0c93.jpg,new_whale
4ad73da00.jpg,new_whale
048762f18.jpg,new_whale
63dcc6f7b.jpg,new_whale
4c4fc5e2c.jpg,new_whale
b0078006e.jpg,new_whale
548f4f150.jpg,new_whale
80b7f9676.jpg,new_whale
9bbcc6f20.jpg,new_whale
55ed9404d.jpg,new_whale
2d8196985.jpg,new_whale
3a16eaf31.jpg,new_whale
7ece2a771.jpg,new_whale
be468863b.jpg,new_whale
9a3385d8e.jpg,new_whale
332807f94.jpg,new_whale
037efd0e5.jpg,new_whale
a1e7e7489.jpg,new_whale
99755231f.jpg,new_whale
b851fd7d2.jpg,new_whale
4236edec6.jpg,new_whale
915ff2b8d.jpg,new_whale
9eadcb0b2.jpg,new_whale
b0995dbf5.jpg,new_whale
f27fab200.jpg,new_whale
556534c0c.jpg,new_whale
4832052e1.jpg,new_whale
26176b10e.jpg,new_whale
ca295ae60.jpg,new_whale
07dc84ac5.jpg,new_whale
219ff10f4.jpg,new_whale
b9c0dba6f.jpg,new_whale
4073b556d.jpg,new_whale
75e6c4fda.jpg,new_whale
19387aa6c.jpg,new_whale
e358f4e65.jpg,new_whale
c08cb996c.jpg,new_whale
e962f827f.jpg,new_whale
f06b57cbe.jpg,new_whale
41aca8fd8.jpg,new_whale
8300c62a7.jpg,new_whale
422b49d19.jpg,new_whale
10d4c43af.jpg,new_whale
08487ad62.jpg,new_whale
4c7453026.jpg,new_whale
8201ded69.jpg,new_whale
f56e5a29e.jpg,new_whale
ac54b5766.jpg,new_whale
648d1287c.jpg,new_whale
8b7d8ac84.jpg,new_whale
02af3a9d9.jpg,new_whale
6788bf433.jpg,new_whale
c4aff2bbd.jpg,new_whale
6bba16ffd.jpg,new_whale
018a44909.jpg,new_whale
1b2e8ad8a.jpg,new_whale
0cb8536c9.jpg,new_whale
a9656021e.jpg,new_whale
50248cf30.jpg,new_whale
cc87738d5.jpg,new_whale
27fdfe88c.jpg,new_whale
147a537c4.jpg,new_whale
a5156c83a.jpg,new_whale
e984f6548.jpg,new_whale
050a06daf.jpg,new_whale
9610aa786.jpg,new_whale
58c12f21b.jpg,new_whale
da5c43349.jpg,new_whale
221278605.jpg,new_whale
1997bdc41.jpg,new_whale
b02f51576.jpg,new_whale
6f5bc9d90.jpg,new_whale
a640fdaa7.jpg,new_whale
13bbc5a4e.jpg,new_whale
52c0dfa59.jpg,new_whale
189b44a9d.jpg,new_whale
f217b3805.jpg,new_whale
1c3d3e7bc.jpg,new_whale
832adbd12.jpg,new_whale
c070db800.jpg,new_whale
65cd90035.jpg,new_whale
f7a6a4035.jpg,new_whale
27f6f3acc.jpg,new_whale
aa309547c.jpg,new_whale
77d1818da.jpg,new_whale
e3dc849f3.jpg,new_whale
628c0e143.jpg,new_whale
a52e05518.jpg,new_whale
1829ac06d.jpg,new_whale
3a41f4b24.jpg,new_whale
a48e4c543.jpg,new_whale
56935257a.jpg,new_whale
eb810c7a1.jpg,new_whale
369bbbcbf.jpg,new_whale
2e8264640.jpg,new_whale
1abbe795d.jpg,new_whale
b50753331.jpg,new_whale
86a5bf1ae.jpg,new_whale
fdb68055b.jpg,new_whale
4994daa75.jpg,new_whale
36f738005.jpg,new_whale
1e305701a.jpg,new_whale
b806091d8.jpg,new_whale
e9a5ce3d7.jpg,new_whale
a92fb49f7.jpg,new_whale
1cb3ef663.jpg,new_whale
0da6e9b14.jpg,new_whale
0d65f692b.jpg,new_whale
90d3bceae.jpg,new_whale
84fbaf563.jpg,new_whale
22cb0c36f.jpg,new_whale
f7cace718.jpg,new_whale
5688fe4da.jpg,new_whale
8cc575c09.jpg,new_whale
1ec0d128c.jpg,new_whale
d23c24370.jpg,new_whale
a6c2c5bea.jpg,new_whale
0d25e3354.jpg,new_whale
a531e883b.jpg,new_whale
9f02a9cc8.jpg,new_whale
1d9f3f5e4.jpg,new_whale
b70404789.jpg,new_whale
d16f9fe00.jpg,new_whale
bb02cca4d.jpg,new_whale
6c9a051f0.jpg,new_whale
e561f3e73.jpg,new_whale
db087a6a0.jpg,new_whale
27bbb842d.jpg,new_whale
35d11a53b.jpg,new_whale
fe35cdfa8.jpg,new_whale
0f1588384.jpg,new_whale
7be6f3187.jpg,new_whale
f3b8f2148.jpg,new_whale
0b4cfb7d1.jpg,new_whale
d7a9c3ebb.jpg,new_whale
62204b8b5.jpg,new_whale
b68873204.jpg,new_whale
28d2542db.jpg,new_whale
208cf4c31.jpg,new_whale
d8b18114e.jpg,new_whale
5ad7a411f.jpg,new_whale
1ae5bd616.jpg,new_whale
bea487d1c.jpg,new_whale
fcd9b9f7f.jpg,new_whale
4ab031bc2.jpg,new_whale
f76db0566.jpg,new_whale
bc3a1b06a.jpg,new_whale
c6cf39d09.jpg,new_whale
48f9e6286.jpg,new_whale
3bc6c2974.jpg,new_whale
d11e63400.jpg,new_whale
8feb02b6b.jpg,new_whale
f67c2b957.jpg,new_whale
3bdbc2b5b.jpg,new_whale
c4ad43e6c.jpg,new_whale
e4cae69a6.jpg,new_whale
061f833ab.jpg,new_whale
74271bc44.jpg,new_whale
d6c352147.jpg,new_whale
02fec85d6.jpg,new_whale
44eed52f6.jpg,new_whale
b1cc2e8c1.jpg,new_whale
24225d859.jpg,new_whale
882b559d8.jpg,new_whale
83b65dca8.jpg,new_whale
18d9e5c8b.jpg,new_whale
d0c579ca1.jpg,new_whale
96ec71f88.jpg,new_whale
97bb7c38e.jpg,new_whale
dde21203c.jpg,new_whale
ccbb5b8fb.jpg,new_whale
0746db9aa.jpg,new_whale
49d94b745.jpg,new_whale
017b7d5e9.jpg,new_whale
3817548ee.jpg,new_whale
3adf92d08.jpg,new_whale
6e26032dd.jpg,new_whale
d24bb68ad.jpg,new_whale
b51acfbf1.jpg,new_whale
56e5689fa.jpg,new_whale
d91baa6d0.jpg,new_whale
95b414e65.jpg,new_whale
fea098e75.jpg,new_whale
2a1fd694e.jpg,new_whale
81a9c389b.jpg,new_whale
cf1a71d7f.jpg,new_whale
1bbd4219a.jpg,new_whale
f2d7db752.jpg,new_whale
f2084498e.jpg,new_whale
fa944443c.jpg,new_whale
8c25ca0b7.jpg,new_whale
befde341d.jpg,new_whale
d9d5631c3.jpg,new_whale
e34fc623e.jpg,new_whale
26a5f630a.jpg,new_whale
9efd4cbd1.jpg,new_whale
b140ade74.jpg,new_whale
f55b46fc6.jpg,new_whale
f76e060fd.jpg,new_whale
0c554ff65.jpg,new_whale
a750fdefd.jpg,new_whale
636f15304.jpg,new_whale
23b123d76.jpg,new_whale
0cc535508.jpg,new_whale
0006e997e.jpg,new_whale
942238548.jpg,new_whale
bb3ce280b.jpg,new_whale
89f2db06e.jpg,new_whale
03f0758d8.jpg,new_whale
17ccbdc80.jpg,new_whale
a23728ff7.jpg,new_whale
59e87bd82.jpg,new_whale
8f4e1d0d5.jpg,new_whale
05814a957.jpg,new_whale
6d60ae19d.jpg,new_whale
14d37a64e.jpg,new_whale
f1e5d7c5f.jpg,new_whale
7eb687c3c.jpg,new_whale
ca2d200aa.jpg,new_whale
d7a0788a8.jpg,new_whale
bdceff5a5.jpg,new_whale
04ba76e7a.jpg,new_whale
2c91e94f2.jpg,new_whale
3b2468366.jpg,new_whale
70badc05f.jpg,new_whale
ad687ccfb.jpg,new_whale
2737afe31.jpg,new_whale
a7ab5401c.jpg,new_whale
45047c9fe.jpg,new_whale
e679e5e09.jpg,new_whale
e22dd1259.jpg,new_whale
f3a947839.jpg,new_whale
6f4f66aa6.jpg,new_whale
09d05ee5f.jpg,new_whale
172a034c7.jpg,new_whale
541248881.jpg,new_whale
d5b8fb929.jpg,new_whale
4935336a5.jpg,new_whale
ee47830cc.jpg,new_whale
e2ca84843.jpg,new_whale
6ef2fb3a0.jpg,new_whale
d1fcef452.jpg,new_whale
e13e39b7d.jpg,new_whale
57b0c49fe.jpg,new_whale
8b77547e5.jpg,new_whale
6b9f3a8d2.jpg,new_whale
18e3f8c32.jpg,new_whale
1cfc8390f.jpg,new_whale
b557c4717.jpg,new_whale
e64bd53a4.jpg,new_whale
d238224e2.jpg,new_whale
8bf25aa56.jpg,new_whale
91dcfedcd.jpg,new_whale
340af590b.jpg,new_whale
4ef622128.jpg,new_whale
a914b1d93.jpg,new_whale
9e9028d11.jpg,new_whale
f032ddbf2.jpg,new_whale
9148fd895.jpg,new_whale
dd350c1aa.jpg,new_whale
a620d5c2b.jpg,new_whale
45dbd1f43.jpg,new_whale
1a65af877.jpg,new_whale
6e8e05b70.jpg,new_whale
36972a2ed.jpg,new_whale
a5af665d9.jpg,new_whale
71ec0e5ff.jpg,new_whale
78861b871.jpg,new_whale
7bcce347a.jpg,new_whale
bd46d264d.jpg,new_whale
7beec1f3d.jpg,new_whale
83ad93b6d.jpg,new_whale
bf8ef88b0.jpg,new_whale
664a31746.jpg,new_whale
5e2a0f03a.jpg,new_whale
049790c4a.jpg,new_whale
6f52a2df5.jpg,new_whale
4ed6cd562.jpg,new_whale
45693486f.jpg,new_whale
adb2885bc.jpg,new_whale
26f470307.jpg,new_whale
d4211ea6f.jpg,new_whale
f2aac215b.jpg,new_whale
12e5a50d1.jpg,new_whale
d1c7928e0.jpg,new_whale
367bb9fa7.jpg,new_whale
c25a2d61f.jpg,new_whale
497c45496.jpg,new_whale
7fe73e548.jpg,new_whale
ad361f843.jpg,new_whale
6d589511c.jpg,new_whale
a115ed640.jpg,new_whale
428b43417.jpg,new_whale
481d1f7be.jpg,new_whale
80a1eb58f.jpg,new_whale
31356e294.jpg,new_whale
44e99537c.jpg,new_whale
d605bb35c.jpg,new_whale
5a7ec44fa.jpg,new_whale
18780491e.jpg,new_whale
6ea4b7f3f.jpg,new_whale
10bb81bb7.jpg,new_whale
de8881148.jpg,new_whale
b5dcf4347.jpg,new_whale
eedc1cbee.jpg,new_whale
90f3201dc.jpg,new_whale
d861d3db1.jpg,new_whale
ba2cd5c27.jpg,new_whale
bc3d1ab25.jpg,new_whale
eb3ffbf27.jpg,new_whale
86178230b.jpg,new_whale
2749d3f40.jpg,new_whale
7ca4963ed.jpg,new_whale
2c6115f47.jpg,new_whale
331ffc897.jpg,new_whale
08954cd60.jpg,new_whale
d76d15e3c.jpg,new_whale
ba6972267.jpg,new_whale
b1fc7e384.jpg,new_whale
3db9a7409.jpg,new_whale
d02601b74.jpg,new_whale
5e0c06461.jpg,new_whale
69a7c34c7.jpg,new_whale
bb2bf9d2e.jpg,new_whale
402ad9073.jpg,new_whale
27361a418.jpg,new_whale
fb46bef3e.jpg,new_whale
955a76145.jpg,new_whale
a6caf4a89.jpg,new_whale
2aa6c7c04.jpg,new_whale
0670b3636.jpg,new_whale
f5b2ecdc4.jpg,new_whale
a6df2316d.jpg,new_whale
71a93ef28.jpg,new_whale
6477a1d63.jpg,new_whale
2e1a92888.jpg,new_whale
665a6859e.jpg,new_whale
cc64190df.jpg,new_whale
9d960e78b.jpg,new_whale
77c3f4c13.jpg,new_whale
d803caa6f.jpg,new_whale
13a8796ac.jpg,new_whale
a5115a1ed.jpg,new_whale
2fcb9b96c.jpg,new_whale
6a40c199e.jpg,new_whale
65ffeb447.jpg,new_whale
b0f5f06c6.jpg,new_whale
61adfc6c5.jpg,new_whale
698e8974a.jpg,new_whale
e97a35f4b.jpg,new_whale
55f44d133.jpg,new_whale
b2cae22c3.jpg,new_whale
10e7fb6d5.jpg,new_whale
cf1fdb8bc.jpg,new_whale
667e6b937.jpg,new_whale
ff31aca39.jpg,new_whale
5db98037f.jpg,new_whale
17a47f51a.jpg,new_whale
fe0d7fe56.jpg,new_whale
cf62fe5b6.jpg,new_whale
25716b92f.jpg,new_whale
af91a501c.jpg,new_whale
4e43fbc78.jpg,new_whale
7ab80348f.jpg,new_whale
4ae5ff808.jpg,new_whale
31d81a81e.jpg,new_whale
fdf36faf0.jpg,new_whale
fa0abd8c7.jpg,new_whale
79066598c.jpg,new_whale
12850ebe2.jpg,new_whale
6d0645c62.jpg,new_whale
3a804c307.jpg,new_whale
9bca8befe.jpg,new_whale
573f1ec28.jpg,new_whale
69e1800fd.jpg,new_whale
ec38254e3.jpg,new_whale
19ab48820.jpg,new_whale
d2379d961.jpg,new_whale
c79c76ecd.jpg,new_whale
27532de9c.jpg,new_whale
0831d05a7.jpg,new_whale
b97160d01.jpg,new_whale
8f00a9006.jpg,new_whale
4e0e41abf.jpg,new_whale
0c0bf8fb8.jpg,new_whale
faafebb72.jpg,new_whale
38af08e69.jpg,new_whale
fe0241a8f.jpg,new_whale
46804b143.jpg,new_whale
500216a64.jpg,new_whale
354b0b517.jpg,new_whale
e59ac34c4.jpg,new_whale
1e6952f12.jpg,new_whale
450fe50ed.jpg,new_whale
98f0daeec.jpg,new_whale
4e6fd0c0d.jpg,new_whale
f781d3e64.jpg,new_whale
117853b69.jpg,new_whale
7dcdf4d6a.jpg,new_whale
e90138d00.jpg,new_whale
21610b467.jpg,new_whale
da29f7a68.jpg,new_whale
53a3ead5f.jpg,new_whale
ec16c92c7.jpg,new_whale
68cd80ff5.jpg,new_whale
246a41d63.jpg,new_whale
e8d930522.jpg,new_whale
836d3b186.jpg,new_whale
0c30517d8.jpg,new_whale
d76b5e568.jpg,new_whale
bb79656fd.jpg,new_whale
9c3283ab8.jpg,new_whale
2f359c2bd.jpg,new_whale
d4ae4658d.jpg,new_whale
101f947e7.jpg,new_whale
01237f1ce.jpg,new_whale
1b6ee22d2.jpg,new_whale
7b8b2c7a0.jpg,new_whale
7c22a9819.jpg,new_whale
d0d4791a6.jpg,new_whale
3f24ba8d0.jpg,new_whale
ea94e1a0e.jpg,new_whale
85392cfd6.jpg,new_whale
1d0a96bd3.jpg,new_whale
519a90cc6.jpg,new_whale
c2a21ec0c.jpg,new_whale
dc8e02526.jpg,new_whale
7c42a36bb.jpg,new_whale
0d34ac1da.jpg,new_whale
ba27183af.jpg,new_whale
1a0178ceb.jpg,new_whale
39f378f58.jpg,new_whale
af6c2bc94.jpg,new_whale
d3eb6e78f.jpg,new_whale
d12f0488e.jpg,new_whale
b2751e229.jpg,new_whale
e1b7d542d.jpg,new_whale
d249d5cd1.jpg,new_whale
5465eb4f8.jpg,new_whale
e0bc9b66d.jpg,new_whale
69b6745d4.jpg,new_whale
ba53de185.jpg,new_whale
cbb0b128f.jpg,new_whale
ad21d8b1a.jpg,new_whale
38b6f85e9.jpg,new_whale
0db3fb42b.jpg,new_whale
a1af7cad7.jpg,new_whale
ae7795144.jpg,new_whale
c83e780b9.jpg,new_whale
00a70e649.jpg,new_whale
a003f2cd4.jpg,new_whale
78c7193b7.jpg,new_whale
e5ec877a9.jpg,new_whale
f7c8a0ba5.jpg,new_whale
133c8ad3c.jpg,new_whale
586f69363.jpg,new_whale
681b569e9.jpg,new_whale
adc477339.jpg,new_whale
0e0bf9ebc.jpg,new_whale
998bbed73.jpg,new_whale
2b30f245e.jpg,new_whale
ab591b152.jpg,new_whale
e442aa7f9.jpg,new_whale
6af72aed4.jpg,new_whale
e010668f0.jpg,new_whale
8ae6ec69c.jpg,new_whale
87c8b83d2.jpg,new_whale
4c5321302.jpg,new_whale
8fb73ffa3.jpg,new_whale
7acd9e8a6.jpg,new_whale
1f41c767c.jpg,new_whale
51117e923.jpg,new_whale
ddd622934.jpg,new_whale
478d3d5f5.jpg,new_whale
348a53925.jpg,new_whale
fdac507d4.jpg,new_whale
e4b91a7dc.jpg,new_whale
358c92e00.jpg,new_whale
38bf9ec7d.jpg,new_whale
4bdd2384d.jpg,new_whale
56219c35f.jpg,new_whale
9d17b7e54.jpg,new_whale
7bc24b128.jpg,new_whale
96c430275.jpg,new_whale
4a8a46fe3.jpg,new_whale
dccd5b7b6.jpg,new_whale
975634177.jpg,new_whale
e0c084340.jpg,new_whale
750d79aae.jpg,new_whale
970e102e1.jpg,new_whale
39719a7d4.jpg,new_whale
6b49effe0.jpg,new_whale
c2d59762b.jpg,new_whale
5ff64c3a6.jpg,new_whale
0ec14cca3.jpg,new_whale
085ed4326.jpg,new_whale
29dad52cd.jpg,new_whale
685abd81c.jpg,new_whale
440c911d1.jpg,new_whale
792be1e55.jpg,new_whale
9fd62a485.jpg,new_whale
7c2afdebf.jpg,new_whale
79b95f816.jpg,new_whale
15c30f99a.jpg,new_whale
66ecd6fdb.jpg,new_whale
7d1152b0d.jpg,new_whale
b675690ad.jpg,new_whale
381a39243.jpg,new_whale
77c6acd0b.jpg,new_whale
d8f60e027.jpg,new_whale
0ba2fe848.jpg,new_whale
d789faced.jpg,new_whale
69dee5e21.jpg,new_whale
c0b67a006.jpg,new_whale
f5bfbdec3.jpg,new_whale
d65a48241.jpg,new_whale
49cd735ea.jpg,new_whale
44f042afd.jpg,new_whale
b8ba48c99.jpg,new_whale
8ba9da1bd.jpg,new_whale
d45f9e46f.jpg,new_whale
c20fb7750.jpg,new_whale
6f06716af.jpg,new_whale
4a348c9c4.jpg,new_whale
17a7c78c4.jpg,new_whale
12768d93a.jpg,new_whale
e2865b4ed.jpg,new_whale
303def2a3.jpg,new_whale
1c1493107.jpg,new_whale
967a50998.jpg,new_whale
162bf6169.jpg,new_whale
e0b0ab7ea.jpg,new_whale
cad4c84ca.jpg,new_whale
dca9a9813.jpg,new_whale
1f7faf6cb.jpg,new_whale
c78c51ba7.jpg,new_whale
8d3378971.jpg,new_whale
b9ac8c3c8.jpg,new_whale
5d7e1c53b.jpg,new_whale
f435b8f07.jpg,new_whale
68b0b612f.jpg,new_whale
7cb21c505.jpg,new_whale
1c95191fb.jpg,new_whale
60e159024.jpg,new_whale
7e950c15e.jpg,new_whale
429facd2f.jpg,new_whale
de1377467.jpg,new_whale
ca4a0aaef.jpg,new_whale
386ed51c8.jpg,new_whale
4170efe11.jpg,new_whale
91dd17b69.jpg,new_whale
d5a4e9bc0.jpg,new_whale
a2bbaa2b1.jpg,new_whale
ad7ac163c.jpg,new_whale
b24111930.jpg,new_whale
1c7d33a7d.jpg,new_whale
e7ee8ae39.jpg,new_whale
44ca2a2dc.jpg,new_whale
37d0bd693.jpg,new_whale
c8b409c96.jpg,new_whale
45e3cfd44.jpg,new_whale
ec7f305bc.jpg,new_whale
e254aaf50.jpg,new_whale
53c155eaa.jpg,new_whale
f0dcc9710.jpg,new_whale
3f745f2a2.jpg,new_whale
a746bbba7.jpg,new_whale
e17df43de.jpg,new_whale
9242f9ffb.jpg,new_whale
c81d1eb3e.jpg,new_whale
076f148a0.jpg,new_whale
b7903c893.jpg,new_whale
01f84aa6f.jpg,new_whale
886ae6e77.jpg,new_whale
ce1bc3f10.jpg,new_whale
90be88e50.jpg,new_whale
8b69e3f33.jpg,new_whale
a0f4876a3.jpg,new_whale
e04ab1ba0.jpg,new_whale
f88843c4a.jpg,new_whale
f3557b3aa.jpg,new_whale
5e1252411.jpg,new_whale
beaf073ce.jpg,new_whale
500f34e08.jpg,new_whale
906874628.jpg,new_whale
938cf9e26.jpg,new_whale
5cdc8e076.jpg,new_whale
eb9914268.jpg,new_whale
788579e9c.jpg,new_whale
5e6926010.jpg,new_whale
72c089d3d.jpg,new_whale
f8f26b8c6.jpg,new_whale
ff86fe8c4.jpg,new_whale
a08f96085.jpg,new_whale
9337ca4c2.jpg,new_whale
3ecd888b9.jpg,new_whale
bab677eb6.jpg,new_whale
6e82b3246.jpg,new_whale
837881d3f.jpg,new_whale
00200e115.jpg,new_whale
44deaa00a.jpg,new_whale
0f49b005c.jpg,new_whale
44a99bfab.jpg,new_whale
f691658ec.jpg,new_whale
3822e1014.jpg,new_whale
b74a58e25.jpg,new_whale
b4fd5132f.jpg,new_whale
0b39dab59.jpg,new_whale
c5ed1e50f.jpg,new_whale
c97e0644a.jpg,new_whale
7967b4768.jpg,new_whale
cdb9b4a02.jpg,new_whale
10f9e9752.jpg,new_whale
ca35c70e7.jpg,new_whale
f189e71d7.jpg,new_whale
55b7d166d.jpg,new_whale
0489c432d.jpg,new_whale
882d4b828.jpg,new_whale
4dd20c3b3.jpg,new_whale
f2e39a4ed.jpg,new_whale
4173ac0cb.jpg,new_whale
42bceed64.jpg,new_whale
b4ce68f1a.jpg,new_whale
83d384c71.jpg,new_whale
880b0412c.jpg,new_whale
3e7b97cbc.jpg,new_whale
78db4937d.jpg,new_whale
2fca9b676.jpg,new_whale
3845a4ae7.jpg,new_whale
dcf738b31.jpg,new_whale
5d3db9654.jpg,new_whale
877270b98.jpg,new_whale
fdb501a0e.jpg,new_whale
80734661d.jpg,new_whale
75cb3441b.jpg,new_whale
1fd88ed40.jpg,new_whale
7fc52b6ce.jpg,new_whale
7e321839d.jpg,new_whale
ea6a4f9dd.jpg,new_whale
c9239e2ec.jpg,new_whale
10823a264.jpg,new_whale
5307bee4d.jpg,new_whale
37af46dee.jpg,new_whale
1ad7f8b64.jpg,new_whale
1d79d94a3.jpg,new_whale
08efacb45.jpg,new_whale
4b369cee0.jpg,new_whale
67e352df6.jpg,new_whale
721a359d6.jpg,new_whale
dedcc1416.jpg,new_whale
a2c6df89f.jpg,new_whale
bedd52064.jpg,new_whale
0927816bd.jpg,new_whale
8b174b2c4.jpg,new_whale
10e53271e.jpg,new_whale
28e9e3ace.jpg,new_whale
3df1a788d.jpg,new_whale
154c5b594.jpg,new_whale
d240ce928.jpg,new_whale
419c53193.jpg,new_whale
71b308f82.jpg,new_whale
7c5859591.jpg,new_whale
9714deb5e.jpg,new_whale
ac595caba.jpg,new_whale
9f55518b3.jpg,new_whale
c21f35670.jpg,new_whale
1b037b482.jpg,new_whale
dd0b8f4d6.jpg,new_whale
f89bd5d8d.jpg,new_whale
d0bc4ec61.jpg,new_whale
f405efa39.jpg,new_whale
35ed0aff5.jpg,new_whale
21eeba83a.jpg,new_whale
30e7932dd.jpg,new_whale
f4a76159e.jpg,new_whale
489669e9c.jpg,new_whale
84574dfbc.jpg,new_whale
3ebe52347.jpg,new_whale
582ce648f.jpg,new_whale
ca38267c0.jpg,new_whale
883f1d43f.jpg,new_whale
299e7df3c.jpg,new_whale
a13e2f635.jpg,new_whale
21ad51219.jpg,new_whale
b21e444bc.jpg,new_whale
f72ac8890.jpg,new_whale
c59c9adc1.jpg,new_whale
d3e8252d2.jpg,new_whale
5396a7034.jpg,new_whale
d5d13ea69.jpg,new_whale
938146187.jpg,new_whale
eb5bec788.jpg,new_whale
1fe4885fa.jpg,new_whale
34155831b.jpg,new_whale
ec61a24b0.jpg,new_whale
cb1a49d2f.jpg,new_whale
b176d8d7b.jpg,new_whale
3b08460e4.jpg,new_whale
fd34ec9a0.jpg,new_whale
6a97e2704.jpg,new_whale
169a3f299.jpg,new_whale
729c9b0c2.jpg,new_whale
13be1ba6a.jpg,new_whale
63f44feab.jpg,new_whale
59a1d21e3.jpg,new_whale
05422a5f9.jpg,new_whale
39c8dc7cc.jpg,new_whale
d05c1bc3b.jpg,new_whale
99fa143f4.jpg,new_whale
3c553cff2.jpg,new_whale
fdb36f6f9.jpg,new_whale
60213d4f0.jpg,new_whale
5b6b87577.jpg,new_whale
85db7dcf3.jpg,new_whale
2b95abba5.jpg,new_whale
9cfae7b5f.jpg,new_whale
c579b3301.jpg,new_whale
520a418fc.jpg,new_whale
bb190af14.jpg,new_whale
a32483b85.jpg,new_whale
8eff959f0.jpg,new_whale
4e3f49baf.jpg,new_whale
25076a97e.jpg,new_whale
af74c7dda.jpg,new_whale
87d6220e7.jpg,new_whale
8a88edbaa.jpg,new_whale
542611497.jpg,new_whale
ea63e4d25.jpg,new_whale
78c189bd2.jpg,new_whale
620e424b3.jpg,new_whale
88c4b98d4.jpg,new_whale
cda9b0a49.jpg,new_whale
e2d1bc6e6.jpg,new_whale
9b1bd2523.jpg,new_whale
984c59b4d.jpg,new_whale
9948b6fba.jpg,new_whale
8b5aa5fe5.jpg,new_whale
1b7713fbd.jpg,new_whale
3ebf85c48.jpg,new_whale
c17134ae9.jpg,new_whale
abb06398b.jpg,new_whale
9d7df3996.jpg,new_whale
1ea98999c.jpg,new_whale
fd5bf746e.jpg,new_whale
56ea374ec.jpg,new_whale
7b21b9ea9.jpg,new_whale
9e5794e7e.jpg,new_whale
103f41312.jpg,new_whale
49d66b187.jpg,new_whale
77f134785.jpg,new_whale
a5c373245.jpg,new_whale
f9e26cb2c.jpg,new_whale
e2a8a194c.jpg,new_whale
42da4ddf6.jpg,new_whale
b9e04f371.jpg,new_whale
085e31cc2.jpg,new_whale
cb29e9140.jpg,new_whale
9babb169b.jpg,new_whale
b898dd9e7.jpg,new_whale
d704af259.jpg,new_whale
4bfdbcff3.jpg,new_whale
22d73d06d.jpg,new_whale
43e68f97f.jpg,new_whale
7fe2c3a31.jpg,new_whale
a7b31a3a5.jpg,new_whale
3f956068c.jpg,new_whale
82c6df4eb.jpg,new_whale
df52427cd.jpg,new_whale
5b1ae7973.jpg,new_whale
8a0b8cdbd.jpg,new_whale
2b66fe95d.jpg,new_whale
6de00314e.jpg,new_whale
331af8395.jpg,new_whale
7346a89d6.jpg,new_whale
addf3e227.jpg,new_whale
f9da9515d.jpg,new_whale
5cbfcd30a.jpg,new_whale
b5531387d.jpg,new_whale
2734d93fb.jpg,new_whale
a83f40ff7.jpg,new_whale
a11d440f1.jpg,new_whale
49a1cc372.jpg,new_whale
d5640c7e9.jpg,new_whale
cc8e1e967.jpg,new_whale
7265efc78.jpg,new_whale
ba834eefb.jpg,new_whale
99257b490.jpg,new_whale
d7034ad97.jpg,new_whale
80749b3ab.jpg,new_whale
40d25e635.jpg,new_whale
2f213724e.jpg,new_whale
abadbf79a.jpg,new_whale
562738349.jpg,new_whale
91c3bee6d.jpg,new_whale
d3cb84286.jpg,new_whale
0d27a931a.jpg,new_whale
46af40a0b.jpg,new_whale
5550ada61.jpg,new_whale
e3f495abb.jpg,new_whale
bf3b0a879.jpg,new_whale
718b5d204.jpg,new_whale
ad96592d9.jpg,new_whale
ef6b5f204.jpg,new_whale
8e4b6ff42.jpg,new_whale
34bdfb354.jpg,new_whale
bc1626298.jpg,new_whale
5e7914f14.jpg,new_whale
d3e79719f.jpg,new_whale
59b302402.jpg,new_whale
9c02f5252.jpg,new_whale
5a10260eb.jpg,new_whale
26d355e67.jpg,new_whale
2aca22775.jpg,new_whale
4d101b0a4.jpg,new_whale
53d478023.jpg,new_whale
fda240d23.jpg,new_whale
1c99780ca.jpg,new_whale
bdf135338.jpg,new_whale
73e55a9c1.jpg,new_whale
5d2f59ee9.jpg,new_whale
9fa2a2687.jpg,new_whale
9814bd452.jpg,new_whale
cbaa54af1.jpg,new_whale
52561d733.jpg,new_whale
6791a7d9d.jpg,new_whale
270709ddf.jpg,new_whale
9758dfb94.jpg,new_whale
4ca8d9a3a.jpg,new_whale
f50992c70.jpg,new_whale
6e3fef1f1.jpg,new_whale
0977c7301.jpg,new_whale
7f4bb0db1.jpg,new_whale
e5984dd97.jpg,new_whale
22420cf68.jpg,new_whale
d9c2bf27d.jpg,new_whale
33a2792ef.jpg,new_whale
f57bdf8a5.jpg,new_whale
b62fb3d35.jpg,new_whale
d18b583ff.jpg,new_whale
a56b6c847.jpg,new_whale
46db35a57.jpg,new_whale
d56962b80.jpg,new_whale
9e3d7f470.jpg,new_whale
b2d33c09c.jpg,new_whale
f2013a0d8.jpg,new_whale
cf4438886.jpg,new_whale
42d6a2ca5.jpg,new_whale
dc5a93e73.jpg,new_whale
0df715378.jpg,new_whale
322b2159a.jpg,new_whale
42808c2d7.jpg,new_whale
1b2bc97d6.jpg,new_whale
929b9b616.jpg,new_whale
49e3019f9.jpg,new_whale
a3ab71b12.jpg,new_whale
865c789b1.jpg,new_whale
c235e44cd.jpg,new_whale
87c7e9f04.jpg,new_whale
e7136ad6e.jpg,new_whale
d7892f3c2.jpg,new_whale
20471ac9b.jpg,new_whale
a8dd1df0a.jpg,new_whale
f427e2f3d.jpg,new_whale
84ea00ce8.jpg,new_whale
f18e1e949.jpg,new_whale
488d5a0a6.jpg,new_whale
92ba5a8ae.jpg,new_whale
d39df443c.jpg,new_whale
d6d821f31.jpg,new_whale
d085a3d3c.jpg,new_whale
9323839e3.jpg,new_whale
9c96be1da.jpg,new_whale
b7422d9ca.jpg,new_whale
a5f9ffe86.jpg,new_whale
8762e8619.jpg,new_whale
c3e32b872.jpg,new_whale
